trip_id,trip_no,column_index,route_id,direction,stop_id,stop_name,stop_order,scheduled_time
89_up_001,1,3,89_up,up,89001,糸満バスターミナル,1,06:00
89_up_001,1,3,89_up,up,89002,糸満市役所入口,2,06:00
89_up_001,1,3,89_up,up,89003,糸満市場入口,3,06:01
89_up_001,1,3,89_up,up,89004,糸満ロータリー,4,06:01
89_up_001,1,3,89_up,up,89005,糸満西区,5,06:02
89_up_001,1,3,89_up,up,89006,白銀堂前,6,06:02
89_up_001,1,3,89_up,up,89007,糸満入口,7,06:03
89_up_001,1,3,89_up,up,89015,西崎入口,15,06:04
89_up_001,1,3,89_up,up,89016,潮平,16,06:05
89_up_001,1,3,89_up,up,89017,阿波根,17,06:06
89_up_001,1,3,89_up,up,89018,翁長,18,06:07
89_up_001,1,3,89_up,up,89019,翁長入口,19,06:08
89_up_001,1,3,89_up,up,89020,豊見城南高校前,20,06:09
89_up_001,1,3,89_up,up,89021,与根入口,21,06:10
89_up_001,1,3,89_up,up,89022,座安入口,22,06:10
89_up_001,1,3,89_up,up,89023,伊良波,23,06:11
89_up_001,1,3,89_up,up,89024,我那覇,24,06:12
89_up_001,1,3,89_up,up,89025,名嘉地,25,06:13
89_up_001,1,3,89_up,up,89026,高良,26,06:15
89_up_001,1,3,89_up,up,89027,宇栄原入口,27,06:16
89_up_001,1,3,89_up,up,89028,新町入口,28,06:16
89_up_001,1,3,89_up,up,89029,第二ゲート,29,06:17
89_up_001,1,3,89_up,up,89030,赤嶺駅前,30,06:19
89_up_001,1,3,89_up,up,89031,赤嶺安里原,31,06:20
89_up_001,1,3,89_up,up,89032,小禄駅前,32,06:22
89_up_001,1,3,89_up,up,89033,田原,33,06:23
89_up_001,1,3,89_up,up,89034,那覇西高校前,34,06:25
89_up_001,1,3,89_up,up,89036,金城,36,06:27
89_up_001,1,3,89_up,up,89037,軍桟橋前,37,06:29
89_up_001,1,3,89_up,up,89038,公園前,38,06:30
89_up_001,1,3,89_up,up,89039,那覇バスターミナル,39,06:33
89_up_001,1,3,89_up,up,89040,旭町,40,06:34
89_up_001,1,3,89_up,up,89041,西壺川,41,06:35
89_up_001,1,3,89_up,up,89042,壺川,42,06:36
89_up_001,1,3,89_up,up,89043,農協会館前,43,06:37
89_up_001,1,3,89_up,up,89044,与儀小学校前,44,06:38
89_up_001,1,3,89_up,up,89045,与儀十字路,45,06:39
89_up_001,1,3,89_up,up,89046,開南,46,06:41
89_up_001,1,3,89_up,up,89047,那覇高校前,47,06:43
89_up_001,1,3,89_up,up,89048,県庁南口,48,06:44
89_up_001,1,3,89_up,up,89049,上泉,49,06:45
89_up_001,1,3,89_up,up,89050,那覇バスターミナル,50,06:47
89_up_002,2,4,89_up,up,89001,糸満バスターミナル,1,06:15
89_up_002,2,4,89_up,up,89002,糸満市役所入口,2,06:15
89_up_002,2,4,89_up,up,89003,糸満市場入口,3,06:16
89_up_002,2,4,89_up,up,89004,糸満ロータリー,4,06:17
89_up_002,2,4,89_up,up,89005,糸満西区,5,06:17
89_up_002,2,4,89_up,up,89006,白銀堂前,6,06:18
89_up_002,2,4,89_up,up,89007,糸満入口,7,06:19
89_up_002,2,4,89_up,up,89015,西崎入口,15,06:20
89_up_002,2,4,89_up,up,89016,潮平,16,06:21
89_up_002,2,4,89_up,up,89017,阿波根,17,06:23
89_up_002,2,4,89_up,up,89018,翁長,18,06:24
89_up_002,2,4,89_up,up,89019,翁長入口,19,06:24
89_up_002,2,4,89_up,up,89020,豊見城南高校前,20,06:25
89_up_002,2,4,89_up,up,89021,与根入口,21,06:26
89_up_002,2,4,89_up,up,89022,座安入口,22,06:26
89_up_002,2,4,89_up,up,89023,伊良波,23,06:27
89_up_002,2,4,89_up,up,89024,我那覇,24,06:28
89_up_002,2,4,89_up,up,89025,名嘉地,25,06:29
89_up_002,2,4,89_up,up,89026,高良,26,06:31
89_up_002,2,4,89_up,up,89027,宇栄原入口,27,06:32
89_up_002,2,4,89_up,up,89028,新町入口,28,06:32
89_up_002,2,4,89_up,up,89029,第二ゲート,29,06:33
89_up_002,2,4,89_up,up,89030,赤嶺駅前,30,06:34
89_up_002,2,4,89_up,up,89031,赤嶺安里原,31,06:35
89_up_002,2,4,89_up,up,89032,小禄駅前,32,06:36
89_up_002,2,4,89_up,up,89033,田原,33,06:37
89_up_002,2,4,89_up,up,89034,那覇西高校前,34,06:38
89_up_002,2,4,89_up,up,89036,金城,36,06:40
89_up_002,2,4,89_up,up,89037,軍桟橋前,37,06:42
89_up_002,2,4,89_up,up,89038,公園前,38,06:43
89_up_002,2,4,89_up,up,89039,那覇バスターミナル,39,06:45
89_up_002,2,4,89_up,up,89040,旭町,40,06:46
89_up_002,2,4,89_up,up,89041,西壺川,41,06:47
89_up_002,2,4,89_up,up,89042,壺川,42,06:48
89_up_002,2,4,89_up,up,89043,農協会館前,43,06:50
89_up_002,2,4,89_up,up,89044,与儀小学校前,44,06:50
89_up_002,2,4,89_up,up,89045,与儀十字路,45,06:51
89_up_002,2,4,89_up,up,89046,開南,46,06:53
89_up_002,2,4,89_up,up,89047,那覇高校前,47,06:55
89_up_002,2,4,89_up,up,89048,県庁南口,48,06:56
89_up_002,2,4,89_up,up,89049,上泉,49,06:57
89_up_002,2,4,89_up,up,89050,那覇バスターミナル,50,06:59
89_up_003,3,5,89_up,up,89001,糸満バスターミナル,1,06:20
89_up_003,3,5,89_up,up,89002,糸満市役所入口,2,06:20
89_up_003,3,5,89_up,up,89003,糸満市場入口,3,06:21
89_up_003,3,5,89_up,up,89004,糸満ロータリー,4,06:22
89_up_003,3,5,89_up,up,89005,糸満西区,5,06:22
89_up_003,3,5,89_up,up,89006,白銀堂前,6,06:22
89_up_003,3,5,89_up,up,89007,糸満入口,7,06:23
89_up_003,3,5,89_up,up,89008,西崎入口,8,06:25
89_up_003,3,5,89_up,up,89009,西崎小学校入口,9,06:26
89_up_003,3,5,89_up,up,89010,工業団地入口,10,06:27
89_up_003,3,5,89_up,up,89011,西崎二丁目,11,06:28
89_up_003,3,5,89_up,up,89012,西崎第二団地前,12,06:30
89_up_003,3,5,89_up,up,89013,西崎運動公園前,13,06:31
89_up_003,3,5,89_up,up,89014,西崎中学校入口,14,06:33
89_up_003,3,5,89_up,up,89017,阿波根,17,06:34
89_up_003,3,5,89_up,up,89018,翁長,18,06:35
89_up_003,3,5,89_up,up,89019,翁長入口,19,06:36
89_up_003,3,5,89_up,up,89020,豊見城南高校前,20,06:37
89_up_003,3,5,89_up,up,89021,与根入口,21,06:38
89_up_003,3,5,89_up,up,89022,座安入口,22,06:39
89_up_003,3,5,89_up,up,89023,伊良波,23,06:40
89_up_003,3,5,89_up,up,89024,我那覇,24,06:41
89_up_003,3,5,89_up,up,89025,名嘉地,25,06:42
89_up_003,3,5,89_up,up,89026,高良,26,06:43
89_up_003,3,5,89_up,up,89027,宇栄原入口,27,06:44
89_up_003,3,5,89_up,up,89028,新町入口,28,06:44
89_up_003,3,5,89_up,up,89029,第二ゲート,29,06:45
89_up_003,3,5,89_up,up,89030,赤嶺駅前,30,06:46
89_up_003,3,5,89_up,up,89031,赤嶺安里原,31,06:47
89_up_003,3,5,89_up,up,89032,小禄駅前,32,06:50
89_up_003,3,5,89_up,up,89033,田原,33,06:51
89_up_003,3,5,89_up,up,89034,那覇西高校前,34,06:52
89_up_003,3,5,89_up,up,89036,金城,36,06:54
89_up_003,3,5,89_up,up,89037,軍桟橋前,37,06:56
89_up_003,3,5,89_up,up,89038,公園前,38,06:58
89_up_003,3,5,89_up,up,89039,那覇バスターミナル,39,07:01
89_up_003,3,5,89_up,up,89040,旭町,40,07:03
89_up_003,3,5,89_up,up,89041,西壺川,41,07:04
89_up_003,3,5,89_up,up,89042,壺川,42,07:05
89_up_003,3,5,89_up,up,89043,農協会館前,43,07:06
89_up_003,3,5,89_up,up,89044,与儀小学校前,44,07:07
89_up_003,3,5,89_up,up,89045,与儀十字路,45,07:08
89_up_003,3,5,89_up,up,89046,開南,46,07:10
89_up_003,3,5,89_up,up,89047,那覇高校前,47,07:12
89_up_003,3,5,89_up,up,89048,県庁南口,48,07:14
89_up_003,3,5,89_up,up,89049,上泉,49,07:15
89_up_003,3,5,89_up,up,89050,那覇バスターミナル,50,07:17
89_up_004,4,6,89_up,up,89001,糸満バスターミナル,1,06:35
89_up_004,4,6,89_up,up,89002,糸満市役所入口,2,06:35
89_up_004,4,6,89_up,up,89003,糸満市場入口,3,06:36
89_up_004,4,6,89_up,up,89004,糸満ロータリー,4,06:36
89_up_004,4,6,89_up,up,89005,糸満西区,5,06:37
89_up_004,4,6,89_up,up,89006,白銀堂前,6,06:37
89_up_004,4,6,89_up,up,89007,糸満入口,7,06:38
89_up_004,4,6,89_up,up,89015,西崎入口,15,06:40
89_up_004,4,6,89_up,up,89016,潮平,16,06:41
89_up_004,4,6,89_up,up,89017,阿波根,17,06:43
89_up_004,4,6,89_up,up,89018,翁長,18,06:44
89_up_004,4,6,89_up,up,89019,翁長入口,19,06:45
89_up_004,4,6,89_up,up,89020,豊見城南高校前,20,06:46
89_up_004,4,6,89_up,up,89021,与根入口,21,06:47
89_up_004,4,6,89_up,up,89022,座安入口,22,06:47
89_up_004,4,6,89_up,up,89023,伊良波,23,06:48
89_up_004,4,6,89_up,up,89024,我那覇,24,06:49
89_up_004,4,6,89_up,up,89025,名嘉地,25,06:51
89_up_004,4,6,89_up,up,89026,高良,26,06:53
89_up_004,4,6,89_up,up,89027,宇栄原入口,27,06:54
89_up_004,4,6,89_up,up,89028,新町入口,28,06:54
89_up_004,4,6,89_up,up,89029,第二ゲート,29,06:55
89_up_004,4,6,89_up,up,89030,赤嶺駅前,30,06:57
89_up_004,4,6,89_up,up,89031,赤嶺安里原,31,06:58
89_up_004,4,6,89_up,up,89032,小禄駅前,32,07:01
89_up_004,4,6,89_up,up,89033,田原,33,07:02
89_up_004,4,6,89_up,up,89034,那覇西高校前,34,07:03
89_up_004,4,6,89_up,up,89036,金城,36,07:05
89_up_004,4,6,89_up,up,89037,軍桟橋前,37,07:07
89_up_004,4,6,89_up,up,89038,公園前,38,07:08
89_up_004,4,6,89_up,up,89039,那覇バスターミナル,39,07:11
89_up_004,4,6,89_up,up,89040,旭町,40,07:13
89_up_004,4,6,89_up,up,89041,西壺川,41,07:15
89_up_004,4,6,89_up,up,89042,壺川,42,07:16
89_up_004,4,6,89_up,up,89043,農協会館前,43,07:18
89_up_004,4,6,89_up,up,89044,与儀小学校前,44,07:19
89_up_004,4,6,89_up,up,89045,与儀十字路,45,07:20
89_up_004,4,6,89_up,up,89046,開南,46,07:23
89_up_004,4,6,89_up,up,89047,那覇高校前,47,07:25
89_up_004,4,6,89_up,up,89048,県庁南口,48,07:26
89_up_004,4,6,89_up,up,89049,上泉,49,07:27
89_up_004,4,6,89_up,up,89050,那覇バスターミナル,50,07:29
89_up_005,5,7,89_up,up,89001,糸満バスターミナル,1,06:50
89_up_005,5,7,89_up,up,89002,糸満市役所入口,2,06:50
89_up_005,5,7,89_up,up,89003,糸満市場入口,3,06:51
89_up_005,5,7,89_up,up,89004,糸満ロータリー,4,06:52
89_up_005,5,7,89_up,up,89005,糸満西区,5,06:53
89_up_005,5,7,89_up,up,89006,白銀堂前,6,06:53
89_up_005,5,7,89_up,up,89007,糸満入口,7,06:54
89_up_005,5,7,89_up,up,89015,西崎入口,15,06:56
89_up_005,5,7,89_up,up,89016,潮平,16,06:57
89_up_005,5,7,89_up,up,89017,阿波根,17,06:59
89_up_005,5,7,89_up,up,89018,翁長,18,07:00
89_up_005,5,7,89_up,up,89019,翁長入口,19,07:01
89_up_005,5,7,89_up,up,89020,豊見城南高校前,20,07:02
89_up_005,5,7,89_up,up,89021,与根入口,21,07:03
89_up_005,5,7,89_up,up,89022,座安入口,22,07:03
89_up_005,5,7,89_up,up,89023,伊良波,23,07:04
89_up_005,5,7,89_up,up,89024,我那覇,24,07:05
89_up_005,5,7,89_up,up,89025,名嘉地,25,07:06
89_up_005,5,7,89_up,up,89026,高良,26,07:08
89_up_005,5,7,89_up,up,89027,宇栄原入口,27,07:09
89_up_005,5,7,89_up,up,89028,新町入口,28,07:09
89_up_005,5,7,89_up,up,89029,第二ゲート,29,07:10
89_up_005,5,7,89_up,up,89030,赤嶺駅前,30,07:11
89_up_005,5,7,89_up,up,89031,赤嶺安里原,31,07:13
89_up_005,5,7,89_up,up,89032,小禄駅前,32,07:15
89_up_005,5,7,89_up,up,89033,田原,33,07:16
89_up_005,5,7,89_up,up,89034,那覇西高校前,34,07:17
89_up_005,5,7,89_up,up,89036,金城,36,07:19
89_up_005,5,7,89_up,up,89037,軍桟橋前,37,07:21
89_up_005,5,7,89_up,up,89038,公園前,38,07:23
89_up_005,5,7,89_up,up,89039,那覇バスターミナル,39,07:27
89_up_005,5,7,89_up,up,89040,旭町,40,07:29
89_up_005,5,7,89_up,up,89041,西壺川,41,07:31
89_up_005,5,7,89_up,up,89042,壺川,42,07:32
89_up_005,5,7,89_up,up,89043,農協会館前,43,07:34
89_up_005,5,7,89_up,up,89044,与儀小学校前,44,07:35
89_up_005,5,7,89_up,up,89045,与儀十字路,45,07:37
89_up_005,5,7,89_up,up,89046,開南,46,07:40
89_up_005,5,7,89_up,up,89047,那覇高校前,47,07:41
89_up_005,5,7,89_up,up,89048,県庁南口,48,07:43
89_up_005,5,7,89_up,up,89049,上泉,49,07:44
89_up_005,5,7,89_up,up,89050,那覇バスターミナル,50,07:46
89_up_006,6,8,89_up,up,89001,糸満バスターミナル,1,07:05
89_up_006,6,8,89_up,up,89002,糸満市役所入口,2,07:05
89_up_006,6,8,89_up,up,89003,糸満市場入口,3,07:06
89_up_006,6,8,89_up,up,89004,糸満ロータリー,4,07:07
89_up_006,6,8,89_up,up,89005,糸満西区,5,07:08
89_up_006,6,8,89_up,up,89006,白銀堂前,6,07:08
89_up_006,6,8,89_up,up,89007,糸満入口,7,07:09
89_up_006,6,8,89_up,up,89015,西崎入口,15,07:11
89_up_006,6,8,89_up,up,89016,潮平,16,07:13
89_up_006,6,8,89_up,up,89017,阿波根,17,07:15
89_up_006,6,8,89_up,up,89018,翁長,18,07:16
89_up_006,6,8,89_up,up,89019,翁長入口,19,07:17
89_up_006,6,8,89_up,up,89020,豊見城南高校前,20,07:18
89_up_006,6,8,89_up,up,89021,与根入口,21,07:19
89_up_006,6,8,89_up,up,89022,座安入口,22,07:19
89_up_006,6,8,89_up,up,89023,伊良波,23,07:20
89_up_006,6,8,89_up,up,89024,我那覇,24,07:21
89_up_006,6,8,89_up,up,89025,名嘉地,25,07:23
89_up_006,6,8,89_up,up,89026,高良,26,07:25
89_up_006,6,8,89_up,up,89027,宇栄原入口,27,07:26
89_up_006,6,8,89_up,up,89028,新町入口,28,07:26
89_up_006,6,8,89_up,up,89029,第二ゲート,29,07:28
89_up_006,6,8,89_up,up,89030,赤嶺駅前,30,07:30
89_up_006,6,8,89_up,up,89031,赤嶺安里原,31,07:32
89_up_006,6,8,89_up,up,89032,小禄駅前,32,07:35
89_up_006,6,8,89_up,up,89033,田原,33,07:36
89_up_006,6,8,89_up,up,89034,那覇西高校前,34,07:37
89_up_006,6,8,89_up,up,89036,金城,36,07:39
89_up_006,6,8,89_up,up,89037,軍桟橋前,37,07:42
89_up_006,6,8,89_up,up,89038,公園前,38,07:45
89_up_006,6,8,89_up,up,89039,那覇バスターミナル,39,07:50
89_up_006,6,8,89_up,up,89040,旭町,40,07:53
89_up_006,6,8,89_up,up,89041,西壺川,41,07:55
89_up_006,6,8,89_up,up,89042,壺川,42,07:56
89_up_006,6,8,89_up,up,89043,農協会館前,43,07:58
89_up_006,6,8,89_up,up,89044,与儀小学校前,44,07:59
89_up_006,6,8,89_up,up,89045,与儀十字路,45,08:01
89_up_006,6,8,89_up,up,89046,開南,46,08:04
89_up_006,6,8,89_up,up,89047,那覇高校前,47,08:06
89_up_006,6,8,89_up,up,89048,県庁南口,48,08:08
89_up_006,6,8,89_up,up,89049,上泉,49,08:10
89_up_006,6,8,89_up,up,89050,那覇バスターミナル,50,08:12
89_up_007,7,9,89_up,up,89001,糸満バスターミナル,1,07:10
89_up_007,7,9,89_up,up,89002,糸満市役所入口,2,07:10
89_up_007,7,9,89_up,up,89003,糸満市場入口,3,07:11
89_up_007,7,9,89_up,up,89004,糸満ロータリー,4,07:12
89_up_007,7,9,89_up,up,89005,糸満西区,5,07:13
89_up_007,7,9,89_up,up,89006,白銀堂前,6,07:13
89_up_007,7,9,89_up,up,89007,糸満入口,7,07:15
89_up_007,7,9,89_up,up,89008,西崎入口,8,07:17
89_up_007,7,9,89_up,up,89009,西崎小学校入口,9,07:18
89_up_007,7,9,89_up,up,89010,工業団地入口,10,07:19
89_up_007,7,9,89_up,up,89011,西崎二丁目,11,07:20
89_up_007,7,9,89_up,up,89012,西崎第二団地前,12,07:22
89_up_007,7,9,89_up,up,89013,西崎運動公園前,13,07:23
89_up_007,7,9,89_up,up,89014,西崎中学校入口,14,07:25
89_up_007,7,9,89_up,up,89017,阿波根,17,07:26
89_up_007,7,9,89_up,up,89018,翁長,18,07:27
89_up_007,7,9,89_up,up,89019,翁長入口,19,07:28
89_up_007,7,9,89_up,up,89020,豊見城南高校前,20,07:29
89_up_007,7,9,89_up,up,89021,与根入口,21,07:30
89_up_007,7,9,89_up,up,89022,座安入口,22,07:30
89_up_007,7,9,89_up,up,89023,伊良波,23,07:31
89_up_007,7,9,89_up,up,89024,我那覇,24,07:32
89_up_007,7,9,89_up,up,89025,名嘉地,25,07:34
89_up_007,7,9,89_up,up,89026,高良,26,07:37
89_up_007,7,9,89_up,up,89027,宇栄原入口,27,07:38
89_up_007,7,9,89_up,up,89028,新町入口,28,07:38
89_up_007,7,9,89_up,up,89029,第二ゲート,29,07:40
89_up_007,7,9,89_up,up,89030,赤嶺駅前,30,07:42
89_up_007,7,9,89_up,up,89031,赤嶺安里原,31,07:44
89_up_007,7,9,89_up,up,89032,小禄駅前,32,07:47
89_up_007,7,9,89_up,up,89033,田原,33,07:48
89_up_007,7,9,89_up,up,89034,那覇西高校前,34,07:49
89_up_007,7,9,89_up,up,89036,金城,36,07:51
89_up_007,7,9,89_up,up,89037,軍桟橋前,37,07:54
89_up_007,7,9,89_up,up,89038,公園前,38,07:57
89_up_007,7,9,89_up,up,89039,那覇バスターミナル,39,08:02
89_up_007,7,9,89_up,up,89040,旭町,40,08:04
89_up_007,7,9,89_up,up,89041,西壺川,41,08:05
89_up_007,7,9,89_up,up,89042,壺川,42,08:06
89_up_007,7,9,89_up,up,89043,農協会館前,43,08:07
89_up_007,7,9,89_up,up,89044,与儀小学校前,44,08:08
89_up_007,7,9,89_up,up,89045,与儀十字路,45,08:09
89_up_007,7,9,89_up,up,89046,開南,46,08:12
89_up_007,7,9,89_up,up,89047,那覇高校前,47,08:14
89_up_007,7,9,89_up,up,89048,県庁南口,48,08:16
89_up_007,7,9,89_up,up,89049,上泉,49,08:18
89_up_007,7,9,89_up,up,89050,那覇バスターミナル,50,08:20
89_up_008,8,10,89_up,up,89001,糸満バスターミナル,1,07:25
89_up_008,8,10,89_up,up,89002,糸満市役所入口,2,07:25
89_up_008,8,10,89_up,up,89003,糸満市場入口,3,07:26
89_up_008,8,10,89_up,up,89004,糸満ロータリー,4,07:26
89_up_008,8,10,89_up,up,89005,糸満西区,5,07:27
89_up_008,8,10,89_up,up,89006,白銀堂前,6,07:27
89_up_008,8,10,89_up,up,89007,糸満入口,7,07:28
89_up_008,8,10,89_up,up,89015,西崎入口,15,07:30
89_up_008,8,10,89_up,up,89016,潮平,16,07:31
89_up_008,8,10,89_up,up,89017,阿波根,17,07:33
89_up_008,8,10,89_up,up,89018,翁長,18,07:34
89_up_008,8,10,89_up,up,89019,翁長入口,19,07:35
89_up_008,8,10,89_up,up,89020,豊見城南高校前,20,07:37
89_up_008,8,10,89_up,up,89021,与根入口,21,07:38
89_up_008,8,10,89_up,up,89022,座安入口,22,07:38
89_up_008,8,10,89_up,up,89023,伊良波,23,07:39
89_up_008,8,10,89_up,up,89024,我那覇,24,07:40
89_up_008,8,10,89_up,up,89025,名嘉地,25,07:42
89_up_008,8,10,89_up,up,89026,高良,26,07:45
89_up_008,8,10,89_up,up,89027,宇栄原入口,27,07:46
89_up_008,8,10,89_up,up,89028,新町入口,28,07:46
89_up_008,8,10,89_up,up,89029,第二ゲート,29,07:47
89_up_008,8,10,89_up,up,89030,赤嶺駅前,30,07:49
89_up_008,8,10,89_up,up,89031,赤嶺安里原,31,07:51
89_up_008,8,10,89_up,up,89032,小禄駅前,32,07:54
89_up_008,8,10,89_up,up,89033,田原,33,07:55
89_up_008,8,10,89_up,up,89034,那覇西高校前,34,07:56
89_up_008,8,10,89_up,up,89036,金城,36,07:58
89_up_008,8,10,89_up,up,89037,軍桟橋前,37,08:01
89_up_008,8,10,89_up,up,89038,公園前,38,08:04
89_up_008,8,10,89_up,up,89039,那覇バスターミナル,39,08:09
89_up_008,8,10,89_up,up,89040,旭町,40,08:11
89_up_008,8,10,89_up,up,89041,西壺川,41,08:13
89_up_008,8,10,89_up,up,89042,壺川,42,08:14
89_up_008,8,10,89_up,up,89043,農協会館前,43,08:16
89_up_008,8,10,89_up,up,89044,与儀小学校前,44,08:17
89_up_008,8,10,89_up,up,89045,与儀十字路,45,08:19
89_up_008,8,10,89_up,up,89046,開南,46,08:21
89_up_008,8,10,89_up,up,89047,那覇高校前,47,08:23
89_up_008,8,10,89_up,up,89048,県庁南口,48,08:24
89_up_008,8,10,89_up,up,89049,上泉,49,08:25
89_up_008,8,10,89_up,up,89050,那覇バスターミナル,50,08:28
89_up_009,9,11,89_up,up,89001,糸満バスターミナル,1,07:40
89_up_009,9,11,89_up,up,89002,糸満市役所入口,2,07:41
89_up_009,9,11,89_up,up,89003,糸満市場入口,3,07:42
89_up_009,9,11,89_up,up,89004,糸満ロータリー,4,07:43
89_up_009,9,11,89_up,up,89005,糸満西区,5,07:44
89_up_009,9,11,89_up,up,89006,白銀堂前,6,07:44
89_up_009,9,11,89_up,up,89007,糸満入口,7,07:45
89_up_009,9,11,89_up,up,89015,西崎入口,15,07:47
89_up_009,9,11,89_up,up,89016,潮平,16,07:48
89_up_009,9,11,89_up,up,89017,阿波根,17,07:50
89_up_009,9,11,89_up,up,89018,翁長,18,07:51
89_up_009,9,11,89_up,up,89019,翁長入口,19,07:52
89_up_009,9,11,89_up,up,89020,豊見城南高校前,20,07:54
89_up_009,9,11,89_up,up,89021,与根入口,21,07:56
89_up_009,9,11,89_up,up,89022,座安入口,22,07:57
89_up_009,9,11,89_up,up,89023,伊良波,23,07:58
89_up_009,9,11,89_up,up,89024,我那覇,24,07:59
89_up_009,9,11,89_up,up,89025,名嘉地,25,08:01
89_up_009,9,11,89_up,up,89026,高良,26,08:03
89_up_009,9,11,89_up,up,89027,宇栄原入口,27,08:05
89_up_009,9,11,89_up,up,89028,新町入口,28,08:06
89_up_009,9,11,89_up,up,89029,第二ゲート,29,08:07
89_up_009,9,11,89_up,up,89030,赤嶺駅前,30,08:08
89_up_009,9,11,89_up,up,89031,赤嶺安里原,31,08:10
89_up_009,9,11,89_up,up,89032,小禄駅前,32,08:12
89_up_009,9,11,89_up,up,89033,田原,33,08:13
89_up_009,9,11,89_up,up,89034,那覇西高校前,34,08:15
89_up_009,9,11,89_up,up,89036,金城,36,08:17
89_up_009,9,11,89_up,up,89037,軍桟橋前,37,08:20
89_up_009,9,11,89_up,up,89038,公園前,38,08:22
89_up_009,9,11,89_up,up,89039,那覇バスターミナル,39,08:27
89_up_009,9,11,89_up,up,89040,旭町,40,08:29
89_up_009,9,11,89_up,up,89041,西壺川,41,08:31
89_up_009,9,11,89_up,up,89042,壺川,42,08:32
89_up_009,9,11,89_up,up,89043,農協会館前,43,08:34
89_up_009,9,11,89_up,up,89044,与儀小学校前,44,08:35
89_up_009,9,11,89_up,up,89045,与儀十字路,45,08:37
89_up_009,9,11,89_up,up,89046,開南,46,08:39
89_up_009,9,11,89_up,up,89047,那覇高校前,47,08:41
89_up_009,9,11,89_up,up,89048,県庁南口,48,08:42
89_up_009,9,11,89_up,up,89049,上泉,49,08:43
89_up_009,9,11,89_up,up,89050,那覇バスターミナル,50,08:46
89_up_010,10,12,89_up,up,89001,糸満バスターミナル,1,07:55
89_up_010,10,12,89_up,up,89002,糸満市役所入口,2,07:55
89_up_010,10,12,89_up,up,89003,糸満市場入口,3,07:56
89_up_010,10,12,89_up,up,89004,糸満ロータリー,4,07:57
89_up_010,10,12,89_up,up,89005,糸満西区,5,07:58
89_up_010,10,12,89_up,up,89006,白銀堂前,6,07:58
89_up_010,10,12,89_up,up,89007,糸満入口,7,07:59
89_up_010,10,12,89_up,up,89015,西崎入口,15,08:01
89_up_010,10,12,89_up,up,89016,潮平,16,08:02
89_up_010,10,12,89_up,up,89017,阿波根,17,08:04
89_up_010,10,12,89_up,up,89018,翁長,18,08:05
89_up_010,10,12,89_up,up,89019,翁長入口,19,08:06
89_up_010,10,12,89_up,up,89020,豊見城南高校前,20,08:08
89_up_010,10,12,89_up,up,89021,与根入口,21,08:10
89_up_010,10,12,89_up,up,89022,座安入口,22,08:11
89_up_010,10,12,89_up,up,89023,伊良波,23,08:12
89_up_010,10,12,89_up,up,89024,我那覇,24,08:13
89_up_010,10,12,89_up,up,89025,名嘉地,25,08:15
89_up_010,10,12,89_up,up,89026,高良,26,08:17
89_up_010,10,12,89_up,up,89027,宇栄原入口,27,08:18
89_up_010,10,12,89_up,up,89028,新町入口,28,08:19
89_up_010,10,12,89_up,up,89029,第二ゲート,29,08:20
89_up_010,10,12,89_up,up,89030,赤嶺駅前,30,08:22
89_up_010,10,12,89_up,up,89031,赤嶺安里原,31,08:24
89_up_010,10,12,89_up,up,89032,小禄駅前,32,08:26
89_up_010,10,12,89_up,up,89033,田原,33,08:27
89_up_010,10,12,89_up,up,89034,那覇西高校前,34,08:29
89_up_010,10,12,89_up,up,89036,金城,36,08:31
89_up_010,10,12,89_up,up,89037,軍桟橋前,37,08:33
89_up_010,10,12,89_up,up,89038,公園前,38,08:35
89_up_010,10,12,89_up,up,89039,那覇バスターミナル,39,08:41
89_up_010,10,12,89_up,up,89040,旭町,40,08:43
89_up_010,10,12,89_up,up,89041,西壺川,41,08:44
89_up_010,10,12,89_up,up,89042,壺川,42,08:45
89_up_010,10,12,89_up,up,89043,農協会館前,43,08:47
89_up_010,10,12,89_up,up,89044,与儀小学校前,44,08:48
89_up_010,10,12,89_up,up,89045,与儀十字路,45,08:50
89_up_010,10,12,89_up,up,89046,開南,46,08:53
89_up_010,10,12,89_up,up,89047,那覇高校前,47,08:55
89_up_010,10,12,89_up,up,89048,県庁南口,48,08:57
89_up_010,10,12,89_up,up,89049,上泉,49,08:58
89_up_010,10,12,89_up,up,89050,那覇バスターミナル,50,09:01
89_up_011,11,13,89_up,up,89001,糸満バスターミナル,1,08:10
89_up_011,11,13,89_up,up,89002,糸満市役所入口,2,08:10
89_up_011,11,13,89_up,up,89003,糸満市場入口,3,08:11
89_up_011,11,13,89_up,up,89004,糸満ロータリー,4,08:12
89_up_011,11,13,89_up,up,89005,糸満西区,5,08:13
89_up_011,11,13,89_up,up,89006,白銀堂前,6,08:13
89_up_011,11,13,89_up,up,89007,糸満入口,7,08:14
89_up_011,11,13,89_up,up,89008,西崎入口,8,08:16
89_up_011,11,13,89_up,up,89009,西崎小学校入口,9,08:18
89_up_011,11,13,89_up,up,89010,工業団地入口,10,08:19
89_up_011,11,13,89_up,up,89011,西崎二丁目,11,08:20
89_up_011,11,13,89_up,up,89012,西崎第二団地前,12,08:22
89_up_011,11,13,89_up,up,89013,西崎運動公園前,13,08:23
89_up_011,11,13,89_up,up,89014,西崎中学校入口,14,08:25
89_up_011,11,13,89_up,up,89017,阿波根,17,08:27
89_up_011,11,13,89_up,up,89018,翁長,18,08:28
89_up_011,11,13,89_up,up,89019,翁長入口,19,08:29
89_up_011,11,13,89_up,up,89020,豊見城南高校前,20,08:31
89_up_011,11,13,89_up,up,89021,与根入口,21,08:33
89_up_011,11,13,89_up,up,89022,座安入口,22,08:34
89_up_011,11,13,89_up,up,89023,伊良波,23,08:35
89_up_011,11,13,89_up,up,89024,我那覇,24,08:36
89_up_011,11,13,89_up,up,89025,名嘉地,25,08:38
89_up_011,11,13,89_up,up,89026,高良,26,08:40
89_up_011,11,13,89_up,up,89027,宇栄原入口,27,08:41
89_up_011,11,13,89_up,up,89028,新町入口,28,08:42
89_up_011,11,13,89_up,up,89029,第二ゲート,29,08:43
89_up_011,11,13,89_up,up,89030,赤嶺駅前,30,08:44
89_up_011,11,13,89_up,up,89031,赤嶺安里原,31,08:46
89_up_011,11,13,89_up,up,89032,小禄駅前,32,08:48
89_up_011,11,13,89_up,up,89033,田原,33,08:49
89_up_011,11,13,89_up,up,89034,那覇西高校前,34,08:51
89_up_011,11,13,89_up,up,89036,金城,36,08:53
89_up_011,11,13,89_up,up,89037,軍桟橋前,37,08:55
89_up_011,11,13,89_up,up,89038,公園前,38,08:57
89_up_011,11,13,89_up,up,89039,那覇バスターミナル,39,09:01
89_up_011,11,13,89_up,up,89040,旭町,40,09:03
89_up_011,11,13,89_up,up,89041,西壺川,41,09:04
89_up_011,11,13,89_up,up,89042,壺川,42,09:05
89_up_011,11,13,89_up,up,89043,農協会館前,43,09:07
89_up_011,11,13,89_up,up,89044,与儀小学校前,44,09:08
89_up_011,11,13,89_up,up,89045,与儀十字路,45,09:10
89_up_011,11,13,89_up,up,89046,開南,46,09:13
89_up_011,11,13,89_up,up,89047,那覇高校前,47,09:15
89_up_011,11,13,89_up,up,89048,県庁南口,48,09:17
89_up_011,11,13,89_up,up,89049,上泉,49,09:18
89_up_011,11,13,89_up,up,89050,那覇バスターミナル,50,09:21
89_up_012,12,14,89_up,up,89001,糸満バスターミナル,1,08:30
89_up_012,12,14,89_up,up,89002,糸満市役所入口,2,08:31
89_up_012,12,14,89_up,up,89003,糸満市場入口,3,08:32
89_up_012,12,14,89_up,up,89004,糸満ロータリー,4,08:32
89_up_012,12,14,89_up,up,89005,糸満西区,5,08:33
89_up_012,12,14,89_up,up,89006,白銀堂前,6,08:33
89_up_012,12,14,89_up,up,89007,糸満入口,7,08:34
89_up_012,12,14,89_up,up,89015,西崎入口,15,08:36
89_up_012,12,14,89_up,up,89016,潮平,16,08:37
89_up_012,12,14,89_up,up,89017,阿波根,17,08:39
89_up_012,12,14,89_up,up,89018,翁長,18,08:40
89_up_012,12,14,89_up,up,89019,翁長入口,19,08:41
89_up_012,12,14,89_up,up,89020,豊見城南高校前,20,08:42
89_up_012,12,14,89_up,up,89021,与根入口,21,08:44
89_up_012,12,14,89_up,up,89022,座安入口,22,08:45
89_up_012,12,14,89_up,up,89023,伊良波,23,08:46
89_up_012,12,14,89_up,up,89024,我那覇,24,08:47
89_up_012,12,14,89_up,up,89025,名嘉地,25,08:49
89_up_012,12,14,89_up,up,89026,高良,26,08:51
89_up_012,12,14,89_up,up,89027,宇栄原入口,27,08:52
89_up_012,12,14,89_up,up,89028,新町入口,28,08:52
89_up_012,12,14,89_up,up,89029,第二ゲート,29,08:53
89_up_012,12,14,89_up,up,89030,赤嶺駅前,30,08:54
89_up_012,12,14,89_up,up,89031,赤嶺安里原,31,08:56
89_up_012,12,14,89_up,up,89032,小禄駅前,32,08:58
89_up_012,12,14,89_up,up,89033,田原,33,08:59
89_up_012,12,14,89_up,up,89034,那覇西高校前,34,09:01
89_up_012,12,14,89_up,up,89036,金城,36,09:03
89_up_012,12,14,89_up,up,89037,軍桟橋前,37,09:05
89_up_012,12,14,89_up,up,89038,公園前,38,09:06
89_up_012,12,14,89_up,up,89039,那覇バスターミナル,39,09:09
89_up_012,12,14,89_up,up,89040,旭町,40,09:11
89_up_012,12,14,89_up,up,89041,西壺川,41,09:12
89_up_012,12,14,89_up,up,89042,壺川,42,09:13
89_up_012,12,14,89_up,up,89043,農協会館前,43,09:15
89_up_012,12,14,89_up,up,89044,与儀小学校前,44,09:17
89_up_012,12,14,89_up,up,89045,与儀十字路,45,09:19
89_up_012,12,14,89_up,up,89046,開南,46,09:22
89_up_012,12,14,89_up,up,89047,那覇高校前,47,09:24
89_up_012,12,14,89_up,up,89048,県庁南口,48,09:25
89_up_012,12,14,89_up,up,89049,上泉,49,09:26
89_up_012,12,14,89_up,up,89050,那覇バスターミナル,50,09:29
89_up_013,13,15,89_up,up,89001,糸満バスターミナル,1,08:50
89_up_013,13,15,89_up,up,89002,糸満市役所入口,2,08:50
89_up_013,13,15,89_up,up,89003,糸満市場入口,3,08:51
89_up_013,13,15,89_up,up,89004,糸満ロータリー,4,08:52
89_up_013,13,15,89_up,up,89005,糸満西区,5,08:52
89_up_013,13,15,89_up,up,89006,白銀堂前,6,08:53
89_up_013,13,15,89_up,up,89007,糸満入口,7,08:54
89_up_013,13,15,89_up,up,89015,西崎入口,15,08:56
89_up_013,13,15,89_up,up,89016,潮平,16,08:57
89_up_013,13,15,89_up,up,89017,阿波根,17,08:59
89_up_013,13,15,89_up,up,89018,翁長,18,09:00
89_up_013,13,15,89_up,up,89019,翁長入口,19,09:01
89_up_013,13,15,89_up,up,89020,豊見城南高校前,20,09:02
89_up_013,13,15,89_up,up,89021,与根入口,21,09:04
89_up_013,13,15,89_up,up,89022,座安入口,22,09:04
89_up_013,13,15,89_up,up,89023,伊良波,23,09:05
89_up_013,13,15,89_up,up,89024,我那覇,24,09:06
89_up_013,13,15,89_up,up,89025,名嘉地,25,09:08
89_up_013,13,15,89_up,up,89026,高良,26,09:10
89_up_013,13,15,89_up,up,89027,宇栄原入口,27,09:11
89_up_013,13,15,89_up,up,89028,新町入口,28,09:11
89_up_013,13,15,89_up,up,89029,第二ゲート,29,09:12
89_up_013,13,15,89_up,up,89030,赤嶺駅前,30,09:13
89_up_013,13,15,89_up,up,89031,赤嶺安里原,31,09:15
89_up_013,13,15,89_up,up,89032,小禄駅前,32,09:17
89_up_013,13,15,89_up,up,89033,田原,33,09:18
89_up_013,13,15,89_up,up,89034,那覇西高校前,34,09:19
89_up_013,13,15,89_up,up,89036,金城,36,09:21
89_up_013,13,15,89_up,up,89037,軍桟橋前,37,09:23
89_up_013,13,15,89_up,up,89038,公園前,38,09:24
89_up_013,13,15,89_up,up,89039,那覇バスターミナル,39,09:27
89_up_013,13,15,89_up,up,89040,旭町,40,09:29
89_up_013,13,15,89_up,up,89041,西壺川,41,09:31
89_up_013,13,15,89_up,up,89042,壺川,42,09:32
89_up_013,13,15,89_up,up,89043,農協会館前,43,09:34
89_up_013,13,15,89_up,up,89044,与儀小学校前,44,09:36
89_up_013,13,15,89_up,up,89045,与儀十字路,45,09:38
89_up_013,13,15,89_up,up,89046,開南,46,09:40
89_up_013,13,15,89_up,up,89047,那覇高校前,47,09:42
89_up_013,13,15,89_up,up,89048,県庁南口,48,09:43
89_up_013,13,15,89_up,up,89049,上泉,49,09:44
89_up_013,13,15,89_up,up,89050,那覇バスターミナル,50,09:47
89_up_014,14,16,89_up,up,89001,糸満バスターミナル,1,09:15
89_up_014,14,16,89_up,up,89002,糸満市役所入口,2,09:15
89_up_014,14,16,89_up,up,89003,糸満市場入口,3,09:16
89_up_014,14,16,89_up,up,89004,糸満ロータリー,4,09:17
89_up_014,14,16,89_up,up,89005,糸満西区,5,09:17
89_up_014,14,16,89_up,up,89006,白銀堂前,6,09:18
89_up_014,14,16,89_up,up,89007,糸満入口,7,09:19
89_up_014,14,16,89_up,up,89015,西崎入口,15,09:21
89_up_014,14,16,89_up,up,89016,潮平,16,09:22
89_up_014,14,16,89_up,up,89017,阿波根,17,09:24
89_up_014,14,16,89_up,up,89018,翁長,18,09:25
89_up_014,14,16,89_up,up,89019,翁長入口,19,09:26
89_up_014,14,16,89_up,up,89020,豊見城南高校前,20,09:27
89_up_014,14,16,89_up,up,89021,与根入口,21,09:29
89_up_014,14,16,89_up,up,89022,座安入口,22,09:29
89_up_014,14,16,89_up,up,89023,伊良波,23,09:30
89_up_014,14,16,89_up,up,89024,我那覇,24,09:31
89_up_014,14,16,89_up,up,89025,名嘉地,25,09:32
89_up_014,14,16,89_up,up,89026,高良,26,09:35
89_up_014,14,16,89_up,up,89027,宇栄原入口,27,09:36
89_up_014,14,16,89_up,up,89028,新町入口,28,09:36
89_up_014,14,16,89_up,up,89029,第二ゲート,29,09:37
89_up_014,14,16,89_up,up,89030,赤嶺駅前,30,09:38
89_up_014,14,16,89_up,up,89031,赤嶺安里原,31,09:39
89_up_014,14,16,89_up,up,89032,小禄駅前,32,09:41
89_up_014,14,16,89_up,up,89033,田原,33,09:42
89_up_014,14,16,89_up,up,89034,那覇西高校前,34,09:43
89_up_014,14,16,89_up,up,89036,金城,36,09:45
89_up_014,14,16,89_up,up,89037,軍桟橋前,37,09:47
89_up_014,14,16,89_up,up,89038,公園前,38,09:48
89_up_014,14,16,89_up,up,89039,那覇バスターミナル,39,09:51
89_up_014,14,16,89_up,up,89040,旭町,40,09:53
89_up_014,14,16,89_up,up,89041,西壺川,41,09:55
89_up_014,14,16,89_up,up,89042,壺川,42,09:56
89_up_014,14,16,89_up,up,89043,農協会館前,43,09:58
89_up_014,14,16,89_up,up,89044,与儀小学校前,44,10:00
89_up_014,14,16,89_up,up,89045,与儀十字路,45,10:02
89_up_014,14,16,89_up,up,89046,開南,46,10:04
89_up_014,14,16,89_up,up,89047,那覇高校前,47,10:06
89_up_014,14,16,89_up,up,89048,県庁南口,48,10:07
89_up_014,14,16,89_up,up,89049,上泉,49,10:08
89_up_014,14,16,89_up,up,89050,那覇バスターミナル,50,10:11
89_up_015,15,17,89_up,up,89001,糸満バスターミナル,1,09:40
89_up_015,15,17,89_up,up,89002,糸満市役所入口,2,09:40
89_up_015,15,17,89_up,up,89003,糸満市場入口,3,09:41
89_up_015,15,17,89_up,up,89004,糸満ロータリー,4,09:42
89_up_015,15,17,89_up,up,89005,糸満西区,5,09:42
89_up_015,15,17,89_up,up,89006,白銀堂前,6,09:43
89_up_015,15,17,89_up,up,89007,糸満入口,7,09:44
89_up_015,15,17,89_up,up,89015,西崎入口,15,09:46
89_up_015,15,17,89_up,up,89016,潮平,16,09:47
89_up_015,15,17,89_up,up,89017,阿波根,17,09:49
89_up_015,15,17,89_up,up,89018,翁長,18,09:50
89_up_015,15,17,89_up,up,89019,翁長入口,19,09:51
89_up_015,15,17,89_up,up,89020,豊見城南高校前,20,09:52
89_up_015,15,17,89_up,up,89021,与根入口,21,09:54
89_up_015,15,17,89_up,up,89022,座安入口,22,09:54
89_up_015,15,17,89_up,up,89023,伊良波,23,09:55
89_up_015,15,17,89_up,up,89024,我那覇,24,09:56
89_up_015,15,17,89_up,up,89025,名嘉地,25,09:57
89_up_015,15,17,89_up,up,89026,高良,26,10:00
89_up_015,15,17,89_up,up,89027,宇栄原入口,27,10:01
89_up_015,15,17,89_up,up,89028,新町入口,28,10:01
89_up_015,15,17,89_up,up,89029,第二ゲート,29,10:02
89_up_015,15,17,89_up,up,89030,赤嶺駅前,30,10:03
89_up_015,15,17,89_up,up,89031,赤嶺安里原,31,10:04
89_up_015,15,17,89_up,up,89032,小禄駅前,32,10:06
89_up_015,15,17,89_up,up,89033,田原,33,10:07
89_up_015,15,17,89_up,up,89034,那覇西高校前,34,10:08
89_up_015,15,17,89_up,up,89036,金城,36,10:10
89_up_015,15,17,89_up,up,89037,軍桟橋前,37,10:12
89_up_015,15,17,89_up,up,89038,公園前,38,10:13
89_up_015,15,17,89_up,up,89039,那覇バスターミナル,39,10:16
89_up_015,15,17,89_up,up,89040,旭町,40,10:18
89_up_015,15,17,89_up,up,89041,西壺川,41,10:20
89_up_015,15,17,89_up,up,89042,壺川,42,10:21
89_up_015,15,17,89_up,up,89043,農協会館前,43,10:23
89_up_015,15,17,89_up,up,89044,与儀小学校前,44,10:25
89_up_015,15,17,89_up,up,89045,与儀十字路,45,10:27
89_up_015,15,17,89_up,up,89046,開南,46,10:29
89_up_015,15,17,89_up,up,89047,那覇高校前,47,10:31
89_up_015,15,17,89_up,up,89048,県庁南口,48,10:32
89_up_015,15,17,89_up,up,89049,上泉,49,10:33
89_up_015,15,17,89_up,up,89050,那覇バスターミナル,50,10:36
89_up_016,16,18,89_up,up,89001,糸満バスターミナル,1,09:55
89_up_016,16,18,89_up,up,89002,糸満市役所入口,2,09:55
89_up_016,16,18,89_up,up,89003,糸満市場入口,3,09:56
89_up_016,16,18,89_up,up,89004,糸満ロータリー,4,09:57
89_up_016,16,18,89_up,up,89005,糸満西区,5,09:57
89_up_016,16,18,89_up,up,89006,白銀堂前,6,09:58
89_up_016,16,18,89_up,up,89007,糸満入口,7,09:59
89_up_016,16,18,89_up,up,89015,西崎入口,15,10:01
89_up_016,16,18,89_up,up,89016,潮平,16,10:02
89_up_016,16,18,89_up,up,89017,阿波根,17,10:04
89_up_016,16,18,89_up,up,89018,翁長,18,10:05
89_up_016,16,18,89_up,up,89019,翁長入口,19,10:06
89_up_016,16,18,89_up,up,89020,豊見城南高校前,20,10:07
89_up_016,16,18,89_up,up,89021,与根入口,21,10:09
89_up_016,16,18,89_up,up,89022,座安入口,22,10:09
89_up_016,16,18,89_up,up,89023,伊良波,23,10:10
89_up_016,16,18,89_up,up,89024,我那覇,24,10:11
89_up_016,16,18,89_up,up,89025,名嘉地,25,10:12
89_up_016,16,18,89_up,up,89026,高良,26,10:15
89_up_016,16,18,89_up,up,89027,宇栄原入口,27,10:16
89_up_016,16,18,89_up,up,89028,新町入口,28,10:16
89_up_016,16,18,89_up,up,89029,第二ゲート,29,10:17
89_up_016,16,18,89_up,up,89030,赤嶺駅前,30,10:18
89_up_016,16,18,89_up,up,89031,赤嶺安里原,31,10:19
89_up_016,16,18,89_up,up,89032,小禄駅前,32,10:21
89_up_016,16,18,89_up,up,89033,田原,33,10:22
89_up_016,16,18,89_up,up,89034,那覇西高校前,34,10:23
89_up_016,16,18,89_up,up,89036,金城,36,10:25
89_up_016,16,18,89_up,up,89037,軍桟橋前,37,10:27
89_up_016,16,18,89_up,up,89038,公園前,38,10:28
89_up_016,16,18,89_up,up,89039,那覇バスターミナル,39,10:31
89_up_016,16,18,89_up,up,89040,旭町,40,10:33
89_up_016,16,18,89_up,up,89041,西壺川,41,10:35
89_up_016,16,18,89_up,up,89042,壺川,42,10:36
89_up_016,16,18,89_up,up,89043,農協会館前,43,10:38
89_up_016,16,18,89_up,up,89044,与儀小学校前,44,10:40
89_up_016,16,18,89_up,up,89045,与儀十字路,45,10:42
89_up_016,16,18,89_up,up,89046,開南,46,10:44
89_up_016,16,18,89_up,up,89047,那覇高校前,47,10:46
89_up_016,16,18,89_up,up,89048,県庁南口,48,10:47
89_up_016,16,18,89_up,up,89049,上泉,49,10:48
89_up_016,16,18,89_up,up,89050,那覇バスターミナル,50,10:51
89_up_017,17,19,89_up,up,89001,糸満バスターミナル,1,10:10
89_up_017,17,19,89_up,up,89002,糸満市役所入口,2,10:10
89_up_017,17,19,89_up,up,89003,糸満市場入口,3,10:11
89_up_017,17,19,89_up,up,89004,糸満ロータリー,4,10:12
89_up_017,17,19,89_up,up,89005,糸満西区,5,10:12
89_up_017,17,19,89_up,up,89006,白銀堂前,6,10:13
89_up_017,17,19,89_up,up,89007,糸満入口,7,10:14
89_up_017,17,19,89_up,up,89015,西崎入口,15,10:16
89_up_017,17,19,89_up,up,89016,潮平,16,10:17
89_up_017,17,19,89_up,up,89017,阿波根,17,10:19
89_up_017,17,19,89_up,up,89018,翁長,18,10:20
89_up_017,17,19,89_up,up,89019,翁長入口,19,10:21
89_up_017,17,19,89_up,up,89020,豊見城南高校前,20,10:22
89_up_017,17,19,89_up,up,89021,与根入口,21,10:24
89_up_017,17,19,89_up,up,89022,座安入口,22,10:24
89_up_017,17,19,89_up,up,89023,伊良波,23,10:25
89_up_017,17,19,89_up,up,89024,我那覇,24,10:26
89_up_017,17,19,89_up,up,89025,名嘉地,25,10:27
89_up_017,17,19,89_up,up,89026,高良,26,10:29
89_up_017,17,19,89_up,up,89027,宇栄原入口,27,10:30
89_up_017,17,19,89_up,up,89028,新町入口,28,10:30
89_up_017,17,19,89_up,up,89029,第二ゲート,29,10:31
89_up_017,17,19,89_up,up,89030,赤嶺駅前,30,10:32
89_up_017,17,19,89_up,up,89031,赤嶺安里原,31,10:33
89_up_017,17,19,89_up,up,89032,小禄駅前,32,10:35
89_up_017,17,19,89_up,up,89033,田原,33,10:36
89_up_017,17,19,89_up,up,89034,那覇西高校前,34,10:37
89_up_017,17,19,89_up,up,89036,金城,36,10:39
89_up_017,17,19,89_up,up,89037,軍桟橋前,37,10:41
89_up_017,17,19,89_up,up,89038,公園前,38,10:42
89_up_017,17,19,89_up,up,89039,那覇バスターミナル,39,10:45
89_up_017,17,19,89_up,up,89040,旭町,40,10:47
89_up_017,17,19,89_up,up,89041,西壺川,41,10:49
89_up_017,17,19,89_up,up,89042,壺川,42,10:50
89_up_017,17,19,89_up,up,89043,農協会館前,43,10:52
89_up_017,17,19,89_up,up,89044,与儀小学校前,44,10:54
89_up_017,17,19,89_up,up,89045,与儀十字路,45,10:56
89_up_017,17,19,89_up,up,89046,開南,46,10:58
89_up_017,17,19,89_up,up,89047,那覇高校前,47,11:00
89_up_017,17,19,89_up,up,89048,県庁南口,48,11:01
89_up_017,17,19,89_up,up,89049,上泉,49,11:02
89_up_017,17,19,89_up,up,89050,那覇バスターミナル,50,11:05
89_up_018,18,20,89_up,up,89001,糸満バスターミナル,1,10:25
89_up_018,18,20,89_up,up,89002,糸満市役所入口,2,10:25
89_up_018,18,20,89_up,up,89003,糸満市場入口,3,10:26
89_up_018,18,20,89_up,up,89004,糸満ロータリー,4,10:27
89_up_018,18,20,89_up,up,89005,糸満西区,5,10:27
89_up_018,18,20,89_up,up,89006,白銀堂前,6,10:28
89_up_018,18,20,89_up,up,89007,糸満入口,7,10:29
89_up_018,18,20,89_up,up,89015,西崎入口,15,10:31
89_up_018,18,20,89_up,up,89016,潮平,16,10:32
89_up_018,18,20,89_up,up,89017,阿波根,17,10:34
89_up_018,18,20,89_up,up,89018,翁長,18,10:35
89_up_018,18,20,89_up,up,89019,翁長入口,19,10:36
89_up_018,18,20,89_up,up,89020,豊見城南高校前,20,10:37
89_up_018,18,20,89_up,up,89021,与根入口,21,10:39
89_up_018,18,20,89_up,up,89022,座安入口,22,10:39
89_up_018,18,20,89_up,up,89023,伊良波,23,10:40
89_up_018,18,20,89_up,up,89024,我那覇,24,10:41
89_up_018,18,20,89_up,up,89025,名嘉地,25,10:42
89_up_018,18,20,89_up,up,89026,高良,26,10:44
89_up_018,18,20,89_up,up,89027,宇栄原入口,27,10:45
89_up_018,18,20,89_up,up,89028,新町入口,28,10:46
89_up_018,18,20,89_up,up,89029,第二ゲート,29,10:46
89_up_018,18,20,89_up,up,89030,赤嶺駅前,30,10:47
89_up_018,18,20,89_up,up,89031,赤嶺安里原,31,10:48
89_up_018,18,20,89_up,up,89032,小禄駅前,32,10:50
89_up_018,18,20,89_up,up,89033,田原,33,10:51
89_up_018,18,20,89_up,up,89034,那覇西高校前,34,10:52
89_up_018,18,20,89_up,up,89036,金城,36,10:54
89_up_018,18,20,89_up,up,89037,軍桟橋前,37,10:56
89_up_018,18,20,89_up,up,89038,公園前,38,10:57
89_up_018,18,20,89_up,up,89039,那覇バスターミナル,39,11:00
89_up_018,18,20,89_up,up,89040,旭町,40,11:02
89_up_018,18,20,89_up,up,89041,西壺川,41,11:04
89_up_018,18,20,89_up,up,89042,壺川,42,11:05
89_up_018,18,20,89_up,up,89043,農協会館前,43,11:07
89_up_018,18,20,89_up,up,89044,与儀小学校前,44,11:09
89_up_018,18,20,89_up,up,89045,与儀十字路,45,11:11
89_up_018,18,20,89_up,up,89046,開南,46,11:13
89_up_018,18,20,89_up,up,89047,那覇高校前,47,11:15
89_up_018,18,20,89_up,up,89048,県庁南口,48,11:16
89_up_018,18,20,89_up,up,89049,上泉,49,11:17
89_up_018,18,20,89_up,up,89050,那覇バスターミナル,50,11:20
89_up_019,19,21,89_up,up,89001,糸満バスターミナル,1,10:40
89_up_019,19,21,89_up,up,89002,糸満市役所入口,2,10:40
89_up_019,19,21,89_up,up,89003,糸満市場入口,3,10:41
89_up_019,19,21,89_up,up,89004,糸満ロータリー,4,10:42
89_up_019,19,21,89_up,up,89005,糸満西区,5,10:42
89_up_019,19,21,89_up,up,89006,白銀堂前,6,10:43
89_up_019,19,21,89_up,up,89007,糸満入口,7,10:44
89_up_019,19,21,89_up,up,89015,西崎入口,15,10:45
89_up_019,19,21,89_up,up,89016,潮平,16,10:46
89_up_019,19,21,89_up,up,89017,阿波根,17,10:48
89_up_019,19,21,89_up,up,89018,翁長,18,10:49
89_up_019,19,21,89_up,up,89019,翁長入口,19,10:50
89_up_019,19,21,89_up,up,89020,豊見城南高校前,20,10:51
89_up_019,19,21,89_up,up,89021,与根入口,21,10:53
89_up_019,19,21,89_up,up,89022,座安入口,22,10:53
89_up_019,19,21,89_up,up,89023,伊良波,23,10:54
89_up_019,19,21,89_up,up,89024,我那覇,24,10:55
89_up_019,19,21,89_up,up,89025,名嘉地,25,10:56
89_up_019,19,21,89_up,up,89026,高良,26,10:58
89_up_019,19,21,89_up,up,89027,宇栄原入口,27,10:59
89_up_019,19,21,89_up,up,89028,新町入口,28,10:59
89_up_019,19,21,89_up,up,89029,第二ゲート,29,11:00
89_up_019,19,21,89_up,up,89030,赤嶺駅前,30,11:01
89_up_019,19,21,89_up,up,89031,赤嶺安里原,31,11:02
89_up_019,19,21,89_up,up,89032,小禄駅前,32,11:04
89_up_019,19,21,89_up,up,89033,田原,33,11:05
89_up_019,19,21,89_up,up,89034,那覇西高校前,34,11:06
89_up_019,19,21,89_up,up,89036,金城,36,11:08
89_up_019,19,21,89_up,up,89037,軍桟橋前,37,11:10
89_up_019,19,21,89_up,up,89038,公園前,38,11:11
89_up_019,19,21,89_up,up,89039,那覇バスターミナル,39,11:14
89_up_019,19,21,89_up,up,89040,旭町,40,11:16
89_up_019,19,21,89_up,up,89041,西壺川,41,11:18
89_up_019,19,21,89_up,up,89042,壺川,42,11:19
89_up_019,19,21,89_up,up,89043,農協会館前,43,11:21
89_up_019,19,21,89_up,up,89044,与儀小学校前,44,11:23
89_up_019,19,21,89_up,up,89045,与儀十字路,45,11:25
89_up_019,19,21,89_up,up,89046,開南,46,11:27
89_up_019,19,21,89_up,up,89047,那覇高校前,47,11:29
89_up_019,19,21,89_up,up,89048,県庁南口,48,11:30
89_up_019,19,21,89_up,up,89049,上泉,49,11:31
89_up_019,19,21,89_up,up,89050,那覇バスターミナル,50,11:34
89_up_020,20,22,89_up,up,89001,糸満バスターミナル,1,10:55
89_up_020,20,22,89_up,up,89002,糸満市役所入口,2,10:55
89_up_020,20,22,89_up,up,89003,糸満市場入口,3,10:56
89_up_020,20,22,89_up,up,89004,糸満ロータリー,4,10:57
89_up_020,20,22,89_up,up,89005,糸満西区,5,10:57
89_up_020,20,22,89_up,up,89006,白銀堂前,6,10:57
89_up_020,20,22,89_up,up,89007,糸満入口,7,10:58
89_up_020,20,22,89_up,up,89008,西崎入口,8,11:00
89_up_020,20,22,89_up,up,89009,西崎小学校入口,9,11:01
89_up_020,20,22,89_up,up,89010,工業団地入口,10,11:02
89_up_020,20,22,89_up,up,89011,西崎二丁目,11,11:03
89_up_020,20,22,89_up,up,89012,西崎第二団地前,12,11:05
89_up_020,20,22,89_up,up,89013,西崎運動公園前,13,11:06
89_up_020,20,22,89_up,up,89014,西崎中学校入口,14,11:08
89_up_020,20,22,89_up,up,89017,阿波根,17,11:10
89_up_020,20,22,89_up,up,89018,翁長,18,11:11
89_up_020,20,22,89_up,up,89019,翁長入口,19,11:12
89_up_020,20,22,89_up,up,89020,豊見城南高校前,20,11:13
89_up_020,20,22,89_up,up,89021,与根入口,21,11:15
89_up_020,20,22,89_up,up,89022,座安入口,22,11:15
89_up_020,20,22,89_up,up,89023,伊良波,23,11:16
89_up_020,20,22,89_up,up,89024,我那覇,24,11:17
89_up_020,20,22,89_up,up,89025,名嘉地,25,11:18
89_up_020,20,22,89_up,up,89026,高良,26,11:20
89_up_020,20,22,89_up,up,89027,宇栄原入口,27,11:21
89_up_020,20,22,89_up,up,89028,新町入口,28,11:21
89_up_020,20,22,89_up,up,89029,第二ゲート,29,11:22
89_up_020,20,22,89_up,up,89030,赤嶺駅前,30,11:23
89_up_020,20,22,89_up,up,89031,赤嶺安里原,31,11:24
89_up_020,20,22,89_up,up,89032,小禄駅前,32,11:26
89_up_020,20,22,89_up,up,89033,田原,33,11:27
89_up_020,20,22,89_up,up,89034,那覇西高校前,34,11:28
89_up_020,20,22,89_up,up,89036,金城,36,11:30
89_up_020,20,22,89_up,up,89037,軍桟橋前,37,11:32
89_up_020,20,22,89_up,up,89038,公園前,38,11:33
89_up_020,20,22,89_up,up,89039,那覇バスターミナル,39,11:36
89_up_020,20,22,89_up,up,89040,旭町,40,11:38
89_up_020,20,22,89_up,up,89041,西壺川,41,11:40
89_up_020,20,22,89_up,up,89042,壺川,42,11:41
89_up_020,20,22,89_up,up,89043,農協会館前,43,11:43
89_up_020,20,22,89_up,up,89044,与儀小学校前,44,11:45
89_up_020,20,22,89_up,up,89045,与儀十字路,45,11:47
89_up_020,20,22,89_up,up,89046,開南,46,11:49
89_up_020,20,22,89_up,up,89047,那覇高校前,47,11:51
89_up_020,20,22,89_up,up,89048,県庁南口,48,11:52
89_up_020,20,22,89_up,up,89049,上泉,49,11:53
89_up_020,20,22,89_up,up,89050,那覇バスターミナル,50,11:56
89_up_021,21,23,89_up,up,89001,糸満バスターミナル,1,11:10
89_up_021,21,23,89_up,up,89002,糸満市役所入口,2,11:10
89_up_021,21,23,89_up,up,89003,糸満市場入口,3,11:11
89_up_021,21,23,89_up,up,89004,糸満ロータリー,4,11:12
89_up_021,21,23,89_up,up,89005,糸満西区,5,11:13
89_up_021,21,23,89_up,up,89006,白銀堂前,6,11:13
89_up_021,21,23,89_up,up,89007,糸満入口,7,11:14
89_up_021,21,23,89_up,up,89015,西崎入口,15,11:16
89_up_021,21,23,89_up,up,89016,潮平,16,11:17
89_up_021,21,23,89_up,up,89017,阿波根,17,11:19
89_up_021,21,23,89_up,up,89018,翁長,18,11:20
89_up_021,21,23,89_up,up,89019,翁長入口,19,11:21
89_up_021,21,23,89_up,up,89020,豊見城南高校前,20,11:22
89_up_021,21,23,89_up,up,89021,与根入口,21,11:23
89_up_021,21,23,89_up,up,89022,座安入口,22,11:24
89_up_021,21,23,89_up,up,89023,伊良波,23,11:25
89_up_021,21,23,89_up,up,89024,我那覇,24,11:26
89_up_021,21,23,89_up,up,89025,名嘉地,25,11:27
89_up_021,21,23,89_up,up,89026,高良,26,11:29
89_up_021,21,23,89_up,up,89027,宇栄原入口,27,11:30
89_up_021,21,23,89_up,up,89028,新町入口,28,11:30
89_up_021,21,23,89_up,up,89029,第二ゲート,29,11:31
89_up_021,21,23,89_up,up,89030,赤嶺駅前,30,11:32
89_up_021,21,23,89_up,up,89031,赤嶺安里原,31,11:33
89_up_021,21,23,89_up,up,89032,小禄駅前,32,11:35
89_up_021,21,23,89_up,up,89033,田原,33,11:36
89_up_021,21,23,89_up,up,89034,那覇西高校前,34,11:38
89_up_021,21,23,89_up,up,89036,金城,36,11:40
89_up_021,21,23,89_up,up,89037,軍桟橋前,37,11:42
89_up_021,21,23,89_up,up,89038,公園前,38,11:43
89_up_021,21,23,89_up,up,89039,那覇バスターミナル,39,11:46
89_up_021,21,23,89_up,up,89040,旭町,40,11:48
89_up_021,21,23,89_up,up,89041,西壺川,41,11:50
89_up_021,21,23,89_up,up,89042,壺川,42,11:51
89_up_021,21,23,89_up,up,89043,農協会館前,43,11:53
89_up_021,21,23,89_up,up,89044,与儀小学校前,44,11:55
89_up_021,21,23,89_up,up,89045,与儀十字路,45,11:57
89_up_021,21,23,89_up,up,89046,開南,46,11:59
89_up_021,21,23,89_up,up,89047,那覇高校前,47,12:01
89_up_021,21,23,89_up,up,89048,県庁南口,48,12:02
89_up_021,21,23,89_up,up,89049,上泉,49,12:03
89_up_021,21,23,89_up,up,89050,那覇バスターミナル,50,12:06
89_up_022,22,24,89_up,up,89001,糸満バスターミナル,1,11:25
89_up_022,22,24,89_up,up,89002,糸満市役所入口,2,11:25
89_up_022,22,24,89_up,up,89003,糸満市場入口,3,11:26
89_up_022,22,24,89_up,up,89004,糸満ロータリー,4,11:26
89_up_022,22,24,89_up,up,89005,糸満西区,5,11:27
89_up_022,22,24,89_up,up,89006,白銀堂前,6,11:27
89_up_022,22,24,89_up,up,89007,糸満入口,7,11:28
89_up_022,22,24,89_up,up,89015,西崎入口,15,11:30
89_up_022,22,24,89_up,up,89016,潮平,16,11:31
89_up_022,22,24,89_up,up,89017,阿波根,17,11:32
89_up_022,22,24,89_up,up,89018,翁長,18,11:33
89_up_022,22,24,89_up,up,89019,翁長入口,19,11:34
89_up_022,22,24,89_up,up,89020,豊見城南高校前,20,11:35
89_up_022,22,24,89_up,up,89021,与根入口,21,11:37
89_up_022,22,24,89_up,up,89022,座安入口,22,11:38
89_up_022,22,24,89_up,up,89023,伊良波,23,11:39
89_up_022,22,24,89_up,up,89024,我那覇,24,11:40
89_up_022,22,24,89_up,up,89025,名嘉地,25,11:41
89_up_022,22,24,89_up,up,89026,高良,26,11:43
89_up_022,22,24,89_up,up,89027,宇栄原入口,27,11:44
89_up_022,22,24,89_up,up,89028,新町入口,28,11:44
89_up_022,22,24,89_up,up,89029,第二ゲート,29,11:45
89_up_022,22,24,89_up,up,89030,赤嶺駅前,30,11:46
89_up_022,22,24,89_up,up,89031,赤嶺安里原,31,11:47
89_up_022,22,24,89_up,up,89032,小禄駅前,32,11:49
89_up_022,22,24,89_up,up,89033,田原,33,11:50
89_up_022,22,24,89_up,up,89034,那覇西高校前,34,11:52
89_up_022,22,24,89_up,up,89036,金城,36,11:54
89_up_022,22,24,89_up,up,89037,軍桟橋前,37,11:56
89_up_022,22,24,89_up,up,89038,公園前,38,11:57
89_up_022,22,24,89_up,up,89039,那覇バスターミナル,39,12:00
89_up_022,22,24,89_up,up,89040,旭町,40,12:02
89_up_022,22,24,89_up,up,89041,西壺川,41,12:04
89_up_022,22,24,89_up,up,89042,壺川,42,12:05
89_up_022,22,24,89_up,up,89043,農協会館前,43,12:07
89_up_022,22,24,89_up,up,89044,与儀小学校前,44,12:09
89_up_022,22,24,89_up,up,89045,与儀十字路,45,12:11
89_up_022,22,24,89_up,up,89046,開南,46,12:13
89_up_022,22,24,89_up,up,89047,那覇高校前,47,12:15
89_up_022,22,24,89_up,up,89048,県庁南口,48,12:16
89_up_022,22,24,89_up,up,89049,上泉,49,12:17
89_up_022,22,24,89_up,up,89050,那覇バスターミナル,50,12:20
89_up_023,23,25,89_up,up,89001,糸満バスターミナル,1,11:35
89_up_023,23,25,89_up,up,89002,糸満市役所入口,2,11:35
89_up_023,23,25,89_up,up,89003,糸満市場入口,3,11:36
89_up_023,23,25,89_up,up,89004,糸満ロータリー,4,11:36
89_up_023,23,25,89_up,up,89005,糸満西区,5,11:37
89_up_023,23,25,89_up,up,89006,白銀堂前,6,11:37
89_up_023,23,25,89_up,up,89007,糸満入口,7,11:38
89_up_023,23,25,89_up,up,89015,西崎入口,15,11:40
89_up_023,23,25,89_up,up,89016,潮平,16,11:41
89_up_023,23,25,89_up,up,89017,阿波根,17,11:42
89_up_023,23,25,89_up,up,89018,翁長,18,11:43
89_up_023,23,25,89_up,up,89019,翁長入口,19,11:44
89_up_023,23,25,89_up,up,89020,豊見城南高校前,20,11:45
89_up_023,23,25,89_up,up,89021,与根入口,21,11:47
89_up_023,23,25,89_up,up,89022,座安入口,22,11:48
89_up_023,23,25,89_up,up,89023,伊良波,23,11:49
89_up_023,23,25,89_up,up,89024,我那覇,24,11:50
89_up_023,23,25,89_up,up,89025,名嘉地,25,11:51
89_up_023,23,25,89_up,up,89026,高良,26,11:53
89_up_023,23,25,89_up,up,89027,宇栄原入口,27,11:54
89_up_023,23,25,89_up,up,89028,新町入口,28,11:54
89_up_023,23,25,89_up,up,89029,第二ゲート,29,11:55
89_up_023,23,25,89_up,up,89030,赤嶺駅前,30,11:56
89_up_023,23,25,89_up,up,89031,赤嶺安里原,31,11:57
89_up_023,23,25,89_up,up,89032,小禄駅前,32,11:59
89_up_023,23,25,89_up,up,89033,田原,33,12:00
89_up_023,23,25,89_up,up,89034,那覇西高校前,34,12:02
89_up_023,23,25,89_up,up,89036,金城,36,12:04
89_up_023,23,25,89_up,up,89037,軍桟橋前,37,12:06
89_up_023,23,25,89_up,up,89038,公園前,38,12:07
89_up_023,23,25,89_up,up,89039,那覇バスターミナル,39,12:10
89_up_023,23,25,89_up,up,89040,旭町,40,12:12
89_up_023,23,25,89_up,up,89041,西壺川,41,12:14
89_up_023,23,25,89_up,up,89042,壺川,42,12:15
89_up_023,23,25,89_up,up,89043,農協会館前,43,12:17
89_up_023,23,25,89_up,up,89044,与儀小学校前,44,12:19
89_up_023,23,25,89_up,up,89045,与儀十字路,45,12:21
89_up_023,23,25,89_up,up,89046,開南,46,12:23
89_up_023,23,25,89_up,up,89047,那覇高校前,47,12:25
89_up_023,23,25,89_up,up,89048,県庁南口,48,12:26
89_up_023,23,25,89_up,up,89049,上泉,49,12:27
89_up_023,23,25,89_up,up,89050,那覇バスターミナル,50,12:30
89_up_024,24,26,89_up,up,89001,糸満バスターミナル,1,11:50
89_up_024,24,26,89_up,up,89002,糸満市役所入口,2,11:50
89_up_024,24,26,89_up,up,89003,糸満市場入口,3,11:51
89_up_024,24,26,89_up,up,89004,糸満ロータリー,4,11:52
89_up_024,24,26,89_up,up,89005,糸満西区,5,11:53
89_up_024,24,26,89_up,up,89006,白銀堂前,6,11:53
89_up_024,24,26,89_up,up,89007,糸満入口,7,11:54
89_up_024,24,26,89_up,up,89015,西崎入口,15,11:56
89_up_024,24,26,89_up,up,89016,潮平,16,11:57
89_up_024,24,26,89_up,up,89017,阿波根,17,11:59
89_up_024,24,26,89_up,up,89018,翁長,18,12:00
89_up_024,24,26,89_up,up,89019,翁長入口,19,12:01
89_up_024,24,26,89_up,up,89020,豊見城南高校前,20,12:02
89_up_024,24,26,89_up,up,89021,与根入口,21,12:04
89_up_024,24,26,89_up,up,89022,座安入口,22,12:05
89_up_024,24,26,89_up,up,89023,伊良波,23,12:06
89_up_024,24,26,89_up,up,89024,我那覇,24,12:07
89_up_024,24,26,89_up,up,89025,名嘉地,25,12:09
89_up_024,24,26,89_up,up,89026,高良,26,12:11
89_up_024,24,26,89_up,up,89027,宇栄原入口,27,12:12
89_up_024,24,26,89_up,up,89028,新町入口,28,12:13
89_up_024,24,26,89_up,up,89029,第二ゲート,29,12:13
89_up_024,24,26,89_up,up,89030,赤嶺駅前,30,12:14
89_up_024,24,26,89_up,up,89031,赤嶺安里原,31,12:15
89_up_024,24,26,89_up,up,89032,小禄駅前,32,12:17
89_up_024,24,26,89_up,up,89033,田原,33,12:18
89_up_024,24,26,89_up,up,89034,那覇西高校前,34,12:20
89_up_024,24,26,89_up,up,89036,金城,36,12:22
89_up_024,24,26,89_up,up,89037,軍桟橋前,37,12:24
89_up_024,24,26,89_up,up,89038,公園前,38,12:25
89_up_024,24,26,89_up,up,89039,那覇バスターミナル,39,12:28
89_up_024,24,26,89_up,up,89040,旭町,40,12:30
89_up_024,24,26,89_up,up,89041,西壺川,41,12:32
89_up_024,24,26,89_up,up,89042,壺川,42,12:33
89_up_024,24,26,89_up,up,89043,農協会館前,43,12:35
89_up_024,24,26,89_up,up,89044,与儀小学校前,44,12:37
89_up_024,24,26,89_up,up,89045,与儀十字路,45,12:39
89_up_024,24,26,89_up,up,89046,開南,46,12:41
89_up_024,24,26,89_up,up,89047,那覇高校前,47,12:43
89_up_024,24,26,89_up,up,89048,県庁南口,48,12:44
89_up_024,24,26,89_up,up,89049,上泉,49,12:45
89_up_024,24,26,89_up,up,89050,那覇バスターミナル,50,12:48
89_up_025,25,27,89_up,up,89001,糸満バスターミナル,1,12:20
89_up_025,25,27,89_up,up,89002,糸満市役所入口,2,12:20
89_up_025,25,27,89_up,up,89003,糸満市場入口,3,12:21
89_up_025,25,27,89_up,up,89004,糸満ロータリー,4,12:21
89_up_025,25,27,89_up,up,89005,糸満西区,5,12:22
89_up_025,25,27,89_up,up,89006,白銀堂前,6,12:22
89_up_025,25,27,89_up,up,89007,糸満入口,7,12:23
89_up_025,25,27,89_up,up,89015,西崎入口,15,12:25
89_up_025,25,27,89_up,up,89016,潮平,16,12:26
89_up_025,25,27,89_up,up,89017,阿波根,17,12:28
89_up_025,25,27,89_up,up,89018,翁長,18,12:29
89_up_025,25,27,89_up,up,89019,翁長入口,19,12:30
89_up_025,25,27,89_up,up,89020,豊見城南高校前,20,12:31
89_up_025,25,27,89_up,up,89021,与根入口,21,12:33
89_up_025,25,27,89_up,up,89022,座安入口,22,12:33
89_up_025,25,27,89_up,up,89023,伊良波,23,12:34
89_up_025,25,27,89_up,up,89024,我那覇,24,12:35
89_up_025,25,27,89_up,up,89025,名嘉地,25,12:37
89_up_025,25,27,89_up,up,89026,高良,26,12:40
89_up_025,25,27,89_up,up,89027,宇栄原入口,27,12:41
89_up_025,25,27,89_up,up,89028,新町入口,28,12:42
89_up_025,25,27,89_up,up,89029,第二ゲート,29,12:42
89_up_025,25,27,89_up,up,89030,赤嶺駅前,30,12:43
89_up_025,25,27,89_up,up,89031,赤嶺安里原,31,12:44
89_up_025,25,27,89_up,up,89032,小禄駅前,32,12:46
89_up_025,25,27,89_up,up,89033,田原,33,12:47
89_up_025,25,27,89_up,up,89034,那覇西高校前,34,12:49
89_up_025,25,27,89_up,up,89036,金城,36,12:51
89_up_025,25,27,89_up,up,89037,軍桟橋前,37,12:53
89_up_025,25,27,89_up,up,89038,公園前,38,12:54
89_up_025,25,27,89_up,up,89039,那覇バスターミナル,39,12:57
89_up_025,25,27,89_up,up,89040,旭町,40,12:59
89_up_025,25,27,89_up,up,89041,西壺川,41,13:01
89_up_025,25,27,89_up,up,89042,壺川,42,13:02
89_up_025,25,27,89_up,up,89043,農協会館前,43,13:04
89_up_025,25,27,89_up,up,89044,与儀小学校前,44,13:06
89_up_025,25,27,89_up,up,89045,与儀十字路,45,13:08
89_up_025,25,27,89_up,up,89046,開南,46,13:10
89_up_025,25,27,89_up,up,89047,那覇高校前,47,13:12
89_up_025,25,27,89_up,up,89048,県庁南口,48,13:13
89_up_025,25,27,89_up,up,89049,上泉,49,13:14
89_up_025,25,27,89_up,up,89050,那覇バスターミナル,50,13:17
89_up_026,26,28,89_up,up,89001,糸満バスターミナル,1,12:45
89_up_026,26,28,89_up,up,89002,糸満市役所入口,2,12:45
89_up_026,26,28,89_up,up,89003,糸満市場入口,3,12:46
89_up_026,26,28,89_up,up,89004,糸満ロータリー,4,12:47
89_up_026,26,28,89_up,up,89005,糸満西区,5,12:47
89_up_026,26,28,89_up,up,89006,白銀堂前,6,12:48
89_up_026,26,28,89_up,up,89007,糸満入口,7,12:48
89_up_026,26,28,89_up,up,89008,西崎入口,8,12:50
89_up_026,26,28,89_up,up,89009,西崎小学校入口,9,12:51
89_up_026,26,28,89_up,up,89010,工業団地入口,10,12:52
89_up_026,26,28,89_up,up,89011,西崎二丁目,11,12:53
89_up_026,26,28,89_up,up,89012,西崎第二団地前,12,12:55
89_up_026,26,28,89_up,up,89013,西崎運動公園前,13,12:56
89_up_026,26,28,89_up,up,89014,西崎中学校入口,14,12:58
89_up_026,26,28,89_up,up,89017,阿波根,17,13:00
89_up_026,26,28,89_up,up,89018,翁長,18,13:01
89_up_026,26,28,89_up,up,89019,翁長入口,19,13:02
89_up_026,26,28,89_up,up,89020,豊見城南高校前,20,13:03
89_up_026,26,28,89_up,up,89021,与根入口,21,13:05
89_up_026,26,28,89_up,up,89022,座安入口,22,13:05
89_up_026,26,28,89_up,up,89023,伊良波,23,13:06
89_up_026,26,28,89_up,up,89024,我那覇,24,13:07
89_up_026,26,28,89_up,up,89025,名嘉地,25,13:08
89_up_026,26,28,89_up,up,89026,高良,26,13:11
89_up_026,26,28,89_up,up,89027,宇栄原入口,27,13:12
89_up_026,26,28,89_up,up,89028,新町入口,28,13:13
89_up_026,26,28,89_up,up,89029,第二ゲート,29,13:14
89_up_026,26,28,89_up,up,89030,赤嶺駅前,30,13:16
89_up_026,26,28,89_up,up,89031,赤嶺安里原,31,13:17
89_up_026,26,28,89_up,up,89032,小禄駅前,32,13:18
89_up_026,26,28,89_up,up,89033,田原,33,13:19
89_up_026,26,28,89_up,up,89034,那覇西高校前,34,13:21
89_up_026,26,28,89_up,up,89036,金城,36,13:22
89_up_026,26,28,89_up,up,89037,軍桟橋前,37,13:24
89_up_026,26,28,89_up,up,89038,公園前,38,13:25
89_up_026,26,28,89_up,up,89039,那覇バスターミナル,39,13:28
89_up_026,26,28,89_up,up,89040,旭町,40,13:30
89_up_026,26,28,89_up,up,89041,西壺川,41,13:31
89_up_026,26,28,89_up,up,89042,壺川,42,13:32
89_up_026,26,28,89_up,up,89043,農協会館前,43,13:34
89_up_026,26,28,89_up,up,89044,与儀小学校前,44,13:36
89_up_026,26,28,89_up,up,89045,与儀十字路,45,13:37
89_up_026,26,28,89_up,up,89046,開南,46,13:39
89_up_026,26,28,89_up,up,89047,那覇高校前,47,13:40
89_up_026,26,28,89_up,up,89048,県庁南口,48,13:41
89_up_026,26,28,89_up,up,89049,上泉,49,13:42
89_up_026,26,28,89_up,up,89050,那覇バスターミナル,50,13:47
89_up_027,27,29,89_up,up,89001,糸満バスターミナル,1,13:05
89_up_027,27,29,89_up,up,89002,糸満市役所入口,2,13:05
89_up_027,27,29,89_up,up,89003,糸満市場入口,3,13:06
89_up_027,27,29,89_up,up,89004,糸満ロータリー,4,13:07
89_up_027,27,29,89_up,up,89005,糸満西区,5,13:07
89_up_027,27,29,89_up,up,89006,白銀堂前,6,13:08
89_up_027,27,29,89_up,up,89007,糸満入口,7,13:09
89_up_027,27,29,89_up,up,89015,西崎入口,15,13:11
89_up_027,27,29,89_up,up,89016,潮平,16,13:12
89_up_027,27,29,89_up,up,89017,阿波根,17,13:14
89_up_027,27,29,89_up,up,89018,翁長,18,13:15
89_up_027,27,29,89_up,up,89019,翁長入口,19,13:16
89_up_027,27,29,89_up,up,89020,豊見城南高校前,20,13:17
89_up_027,27,29,89_up,up,89021,与根入口,21,13:19
89_up_027,27,29,89_up,up,89022,座安入口,22,13:19
89_up_027,27,29,89_up,up,89023,伊良波,23,13:20
89_up_027,27,29,89_up,up,89024,我那覇,24,13:21
89_up_027,27,29,89_up,up,89025,名嘉地,25,13:23
89_up_027,27,29,89_up,up,89026,高良,26,13:26
89_up_027,27,29,89_up,up,89027,宇栄原入口,27,13:27
89_up_027,27,29,89_up,up,89028,新町入口,28,13:28
89_up_027,27,29,89_up,up,89029,第二ゲート,29,13:28
89_up_027,27,29,89_up,up,89030,赤嶺駅前,30,13:29
89_up_027,27,29,89_up,up,89031,赤嶺安里原,31,13:30
89_up_027,27,29,89_up,up,89032,小禄駅前,32,13:32
89_up_027,27,29,89_up,up,89033,田原,33,13:33
89_up_027,27,29,89_up,up,89034,那覇西高校前,34,13:35
89_up_027,27,29,89_up,up,89036,金城,36,13:37
89_up_027,27,29,89_up,up,89037,軍桟橋前,37,13:39
89_up_027,27,29,89_up,up,89038,公園前,38,13:40
89_up_027,27,29,89_up,up,89039,那覇バスターミナル,39,13:43
89_up_027,27,29,89_up,up,89040,旭町,40,13:45
89_up_027,27,29,89_up,up,89041,西壺川,41,13:47
89_up_027,27,29,89_up,up,89042,壺川,42,13:48
89_up_027,27,29,89_up,up,89043,農協会館前,43,13:50
89_up_027,27,29,89_up,up,89044,与儀小学校前,44,13:52
89_up_027,27,29,89_up,up,89045,与儀十字路,45,13:54
89_up_027,27,29,89_up,up,89046,開南,46,13:56
89_up_027,27,29,89_up,up,89047,那覇高校前,47,13:58
89_up_027,27,29,89_up,up,89048,県庁南口,48,13:59
89_up_027,27,29,89_up,up,89049,上泉,49,14:00
89_up_027,27,29,89_up,up,89050,那覇バスターミナル,50,14:03
89_up_028,28,30,89_up,up,89001,糸満バスターミナル,1,13:25
89_up_028,28,30,89_up,up,89002,糸満市役所入口,2,13:25
89_up_028,28,30,89_up,up,89003,糸満市場入口,3,13:26
89_up_028,28,30,89_up,up,89004,糸満ロータリー,4,13:27
89_up_028,28,30,89_up,up,89005,糸満西区,5,13:27
89_up_028,28,30,89_up,up,89006,白銀堂前,6,13:28
89_up_028,28,30,89_up,up,89007,糸満入口,7,13:29
89_up_028,28,30,89_up,up,89015,西崎入口,15,13:31
89_up_028,28,30,89_up,up,89016,潮平,16,13:32
89_up_028,28,30,89_up,up,89017,阿波根,17,13:34
89_up_028,28,30,89_up,up,89018,翁長,18,13:35
89_up_028,28,30,89_up,up,89019,翁長入口,19,13:36
89_up_028,28,30,89_up,up,89020,豊見城南高校前,20,13:37
89_up_028,28,30,89_up,up,89021,与根入口,21,13:39
89_up_028,28,30,89_up,up,89022,座安入口,22,13:39
89_up_028,28,30,89_up,up,89023,伊良波,23,13:40
89_up_028,28,30,89_up,up,89024,我那覇,24,13:41
89_up_028,28,30,89_up,up,89025,名嘉地,25,13:43
89_up_028,28,30,89_up,up,89026,高良,26,13:46
89_up_028,28,30,89_up,up,89027,宇栄原入口,27,13:47
89_up_028,28,30,89_up,up,89028,新町入口,28,13:48
89_up_028,28,30,89_up,up,89029,第二ゲート,29,13:48
89_up_028,28,30,89_up,up,89030,赤嶺駅前,30,13:49
89_up_028,28,30,89_up,up,89031,赤嶺安里原,31,13:50
89_up_028,28,30,89_up,up,89032,小禄駅前,32,13:52
89_up_028,28,30,89_up,up,89033,田原,33,13:53
89_up_028,28,30,89_up,up,89034,那覇西高校前,34,13:55
89_up_028,28,30,89_up,up,89036,金城,36,13:57
89_up_028,28,30,89_up,up,89037,軍桟橋前,37,13:59
89_up_028,28,30,89_up,up,89038,公園前,38,14:00
89_up_028,28,30,89_up,up,89039,那覇バスターミナル,39,14:03
89_up_028,28,30,89_up,up,89040,旭町,40,14:05
89_up_028,28,30,89_up,up,89041,西壺川,41,14:07
89_up_028,28,30,89_up,up,89042,壺川,42,14:08
89_up_028,28,30,89_up,up,89043,農協会館前,43,14:10
89_up_028,28,30,89_up,up,89044,与儀小学校前,44,14:12
89_up_028,28,30,89_up,up,89045,与儀十字路,45,14:14
89_up_028,28,30,89_up,up,89046,開南,46,14:16
89_up_028,28,30,89_up,up,89047,那覇高校前,47,14:18
89_up_028,28,30,89_up,up,89048,県庁南口,48,14:19
89_up_028,28,30,89_up,up,89049,上泉,49,14:20
89_up_028,28,30,89_up,up,89050,那覇バスターミナル,50,14:23
89_up_029,29,31,89_up,up,89001,糸満バスターミナル,1,13:45
89_up_029,29,31,89_up,up,89002,糸満市役所入口,2,13:45
89_up_029,29,31,89_up,up,89003,糸満市場入口,3,13:46
89_up_029,29,31,89_up,up,89004,糸満ロータリー,4,13:47
89_up_029,29,31,89_up,up,89005,糸満西区,5,13:47
89_up_029,29,31,89_up,up,89006,白銀堂前,6,13:48
89_up_029,29,31,89_up,up,89007,糸満入口,7,13:49
89_up_029,29,31,89_up,up,89015,西崎入口,15,13:51
89_up_029,29,31,89_up,up,89016,潮平,16,13:52
89_up_029,29,31,89_up,up,89017,阿波根,17,13:54
89_up_029,29,31,89_up,up,89018,翁長,18,13:55
89_up_029,29,31,89_up,up,89019,翁長入口,19,13:56
89_up_029,29,31,89_up,up,89020,豊見城南高校前,20,13:57
89_up_029,29,31,89_up,up,89021,与根入口,21,13:59
89_up_029,29,31,89_up,up,89022,座安入口,22,14:00
89_up_029,29,31,89_up,up,89023,伊良波,23,14:01
89_up_029,29,31,89_up,up,89024,我那覇,24,14:02
89_up_029,29,31,89_up,up,89025,名嘉地,25,14:04
89_up_029,29,31,89_up,up,89026,高良,26,14:06
89_up_029,29,31,89_up,up,89027,宇栄原入口,27,14:07
89_up_029,29,31,89_up,up,89028,新町入口,28,14:08
89_up_029,29,31,89_up,up,89029,第二ゲート,29,14:08
89_up_029,29,31,89_up,up,89030,赤嶺駅前,30,14:09
89_up_029,29,31,89_up,up,89035,航空隊前,35,14:11
89_up_029,29,31,89_up,up,89036,金城,36,14:13
89_up_029,29,31,89_up,up,89037,軍桟橋前,37,14:15
89_up_029,29,31,89_up,up,89038,公園前,38,14:16
89_up_029,29,31,89_up,up,89039,那覇バスターミナル,39,14:19
89_up_029,29,31,89_up,up,89040,旭町,40,14:21
89_up_029,29,31,89_up,up,89041,西壺川,41,14:23
89_up_029,29,31,89_up,up,89042,壺川,42,14:24
89_up_029,29,31,89_up,up,89043,農協会館前,43,14:26
89_up_029,29,31,89_up,up,89044,与儀小学校前,44,14:28
89_up_029,29,31,89_up,up,89045,与儀十字路,45,14:30
89_up_029,29,31,89_up,up,89046,開南,46,14:32
89_up_029,29,31,89_up,up,89047,那覇高校前,47,14:34
89_up_029,29,31,89_up,up,89048,県庁南口,48,14:35
89_up_029,29,31,89_up,up,89049,上泉,49,14:36
89_up_029,29,31,89_up,up,89050,那覇バスターミナル,50,14:39
89_up_030,30,32,89_up,up,89001,糸満バスターミナル,1,14:05
89_up_030,30,32,89_up,up,89002,糸満市役所入口,2,14:05
89_up_030,30,32,89_up,up,89003,糸満市場入口,3,14:06
89_up_030,30,32,89_up,up,89004,糸満ロータリー,4,14:07
89_up_030,30,32,89_up,up,89005,糸満西区,5,14:08
89_up_030,30,32,89_up,up,89006,白銀堂前,6,14:08
89_up_030,30,32,89_up,up,89007,糸満入口,7,14:09
89_up_030,30,32,89_up,up,89015,西崎入口,15,14:11
89_up_030,30,32,89_up,up,89016,潮平,16,14:12
89_up_030,30,32,89_up,up,89017,阿波根,17,14:14
89_up_030,30,32,89_up,up,89018,翁長,18,14:15
89_up_030,30,32,89_up,up,89019,翁長入口,19,14:16
89_up_030,30,32,89_up,up,89020,豊見城南高校前,20,14:17
89_up_030,30,32,89_up,up,89021,与根入口,21,14:19
89_up_030,30,32,89_up,up,89022,座安入口,22,14:20
89_up_030,30,32,89_up,up,89023,伊良波,23,14:21
89_up_030,30,32,89_up,up,89024,我那覇,24,14:22
89_up_030,30,32,89_up,up,89025,名嘉地,25,14:24
89_up_030,30,32,89_up,up,89026,高良,26,14:26
89_up_030,30,32,89_up,up,89027,宇栄原入口,27,14:27
89_up_030,30,32,89_up,up,89028,新町入口,28,14:28
89_up_030,30,32,89_up,up,89029,第二ゲート,29,14:28
89_up_030,30,32,89_up,up,89030,赤嶺駅前,30,14:29
89_up_030,30,32,89_up,up,89031,赤嶺安里原,31,14:30
89_up_030,30,32,89_up,up,89032,小禄駅前,32,14:32
89_up_030,30,32,89_up,up,89033,田原,33,14:33
89_up_030,30,32,89_up,up,89034,那覇西高校前,34,14:35
89_up_030,30,32,89_up,up,89036,金城,36,14:37
89_up_030,30,32,89_up,up,89037,軍桟橋前,37,14:39
89_up_030,30,32,89_up,up,89038,公園前,38,14:40
89_up_030,30,32,89_up,up,89039,那覇バスターミナル,39,14:43
89_up_030,30,32,89_up,up,89040,旭町,40,14:45
89_up_030,30,32,89_up,up,89041,西壺川,41,14:47
89_up_030,30,32,89_up,up,89042,壺川,42,14:48
89_up_030,30,32,89_up,up,89043,農協会館前,43,14:50
89_up_030,30,32,89_up,up,89044,与儀小学校前,44,14:52
89_up_030,30,32,89_up,up,89045,与儀十字路,45,14:54
89_up_030,30,32,89_up,up,89046,開南,46,14:56
89_up_030,30,32,89_up,up,89047,那覇高校前,47,14:58
89_up_030,30,32,89_up,up,89048,県庁南口,48,14:59
89_up_030,30,32,89_up,up,89049,上泉,49,15:00
89_up_030,30,32,89_up,up,89050,那覇バスターミナル,50,15:03
89_up_031,31,33,89_up,up,89001,糸満バスターミナル,1,14:25
89_up_031,31,33,89_up,up,89002,糸満市役所入口,2,14:25
89_up_031,31,33,89_up,up,89003,糸満市場入口,3,14:26
89_up_031,31,33,89_up,up,89004,糸満ロータリー,4,14:26
89_up_031,31,33,89_up,up,89005,糸満西区,5,14:27
89_up_031,31,33,89_up,up,89006,白銀堂前,6,14:27
89_up_031,31,33,89_up,up,89007,糸満入口,7,14:28
89_up_031,31,33,89_up,up,89015,西崎入口,15,14:30
89_up_031,31,33,89_up,up,89016,潮平,16,14:31
89_up_031,31,33,89_up,up,89017,阿波根,17,14:33
89_up_031,31,33,89_up,up,89018,翁長,18,14:34
89_up_031,31,33,89_up,up,89019,翁長入口,19,14:35
89_up_031,31,33,89_up,up,89020,豊見城南高校前,20,14:36
89_up_031,31,33,89_up,up,89021,与根入口,21,14:38
89_up_031,31,33,89_up,up,89022,座安入口,22,14:39
89_up_031,31,33,89_up,up,89023,伊良波,23,14:40
89_up_031,31,33,89_up,up,89024,我那覇,24,14:41
89_up_031,31,33,89_up,up,89025,名嘉地,25,14:43
89_up_031,31,33,89_up,up,89026,高良,26,14:45
89_up_031,31,33,89_up,up,89027,宇栄原入口,27,14:46
89_up_031,31,33,89_up,up,89028,新町入口,28,14:47
89_up_031,31,33,89_up,up,89029,第二ゲート,29,14:47
89_up_031,31,33,89_up,up,89030,赤嶺駅前,30,14:48
89_up_031,31,33,89_up,up,89031,赤嶺安里原,31,14:49
89_up_031,31,33,89_up,up,89032,小禄駅前,32,14:51
89_up_031,31,33,89_up,up,89033,田原,33,14:52
89_up_031,31,33,89_up,up,89034,那覇西高校前,34,14:54
89_up_031,31,33,89_up,up,89036,金城,36,14:56
89_up_031,31,33,89_up,up,89037,軍桟橋前,37,14:58
89_up_031,31,33,89_up,up,89038,公園前,38,14:59
89_up_031,31,33,89_up,up,89039,那覇バスターミナル,39,15:02
89_up_031,31,33,89_up,up,89040,旭町,40,15:04
89_up_031,31,33,89_up,up,89041,西壺川,41,15:06
89_up_031,31,33,89_up,up,89042,壺川,42,15:07
89_up_031,31,33,89_up,up,89043,農協会館前,43,15:09
89_up_031,31,33,89_up,up,89044,与儀小学校前,44,15:11
89_up_031,31,33,89_up,up,89045,与儀十字路,45,15:13
89_up_031,31,33,89_up,up,89046,開南,46,15:15
89_up_031,31,33,89_up,up,89047,那覇高校前,47,15:17
89_up_031,31,33,89_up,up,89048,県庁南口,48,15:18
89_up_031,31,33,89_up,up,89049,上泉,49,15:19
89_up_031,31,33,89_up,up,89050,那覇バスターミナル,50,15:22
89_up_032,32,34,89_up,up,89001,糸満バスターミナル,1,14:40
89_up_032,32,34,89_up,up,89002,糸満市役所入口,2,14:40
89_up_032,32,34,89_up,up,89003,糸満市場入口,3,14:41
89_up_032,32,34,89_up,up,89004,糸満ロータリー,4,14:41
89_up_032,32,34,89_up,up,89005,糸満西区,5,14:42
89_up_032,32,34,89_up,up,89006,白銀堂前,6,14:42
89_up_032,32,34,89_up,up,89007,糸満入口,7,14:43
89_up_032,32,34,89_up,up,89015,西崎入口,15,14:45
89_up_032,32,34,89_up,up,89016,潮平,16,14:46
89_up_032,32,34,89_up,up,89017,阿波根,17,14:47
89_up_032,32,34,89_up,up,89018,翁長,18,14:48
89_up_032,32,34,89_up,up,89019,翁長入口,19,14:50
89_up_032,32,34,89_up,up,89020,豊見城南高校前,20,14:51
89_up_032,32,34,89_up,up,89021,与根入口,21,14:52
89_up_032,32,34,89_up,up,89022,座安入口,22,14:53
89_up_032,32,34,89_up,up,89023,伊良波,23,14:54
89_up_032,32,34,89_up,up,89024,我那覇,24,14:55
89_up_032,32,34,89_up,up,89025,名嘉地,25,14:56
89_up_032,32,34,89_up,up,89026,高良,26,14:58
89_up_032,32,34,89_up,up,89027,宇栄原入口,27,14:59
89_up_032,32,34,89_up,up,89028,新町入口,28,15:00
89_up_032,32,34,89_up,up,89029,第二ゲート,29,15:00
89_up_032,32,34,89_up,up,89030,赤嶺駅前,30,15:01
89_up_032,32,34,89_up,up,89031,赤嶺安里原,31,15:02
89_up_032,32,34,89_up,up,89032,小禄駅前,32,15:04
89_up_032,32,34,89_up,up,89033,田原,33,15:05
89_up_032,32,34,89_up,up,89034,那覇西高校前,34,15:07
89_up_032,32,34,89_up,up,89036,金城,36,15:09
89_up_032,32,34,89_up,up,89037,軍桟橋前,37,15:11
89_up_032,32,34,89_up,up,89038,公園前,38,15:12
89_up_032,32,34,89_up,up,89039,那覇バスターミナル,39,15:15
89_up_032,32,34,89_up,up,89040,旭町,40,15:17
89_up_032,32,34,89_up,up,89041,西壺川,41,15:19
89_up_032,32,34,89_up,up,89042,壺川,42,15:20
89_up_032,32,34,89_up,up,89043,農協会館前,43,15:22
89_up_032,32,34,89_up,up,89044,与儀小学校前,44,15:24
89_up_032,32,34,89_up,up,89045,与儀十字路,45,15:26
89_up_032,32,34,89_up,up,89046,開南,46,15:28
89_up_032,32,34,89_up,up,89047,那覇高校前,47,15:30
89_up_032,32,34,89_up,up,89048,県庁南口,48,15:31
89_up_032,32,34,89_up,up,89049,上泉,49,15:32
89_up_032,32,34,89_up,up,89050,那覇バスターミナル,50,15:35
89_up_033,33,35,89_up,up,89001,糸満バスターミナル,1,14:55
89_up_033,33,35,89_up,up,89002,糸満市役所入口,2,14:55
89_up_033,33,35,89_up,up,89003,糸満市場入口,3,14:56
89_up_033,33,35,89_up,up,89004,糸満ロータリー,4,14:57
89_up_033,33,35,89_up,up,89005,糸満西区,5,14:57
89_up_033,33,35,89_up,up,89006,白銀堂前,6,14:58
89_up_033,33,35,89_up,up,89007,糸満入口,7,14:58
89_up_033,33,35,89_up,up,89015,西崎入口,15,15:00
89_up_033,33,35,89_up,up,89016,潮平,16,15:01
89_up_033,33,35,89_up,up,89017,阿波根,17,15:03
89_up_033,33,35,89_up,up,89018,翁長,18,15:04
89_up_033,33,35,89_up,up,89019,翁長入口,19,15:05
89_up_033,33,35,89_up,up,89020,豊見城南高校前,20,15:06
89_up_033,33,35,89_up,up,89021,与根入口,21,15:08
89_up_033,33,35,89_up,up,89022,座安入口,22,15:08
89_up_033,33,35,89_up,up,89023,伊良波,23,15:09
89_up_033,33,35,89_up,up,89024,我那覇,24,15:10
89_up_033,33,35,89_up,up,89025,名嘉地,25,15:11
89_up_033,33,35,89_up,up,89026,高良,26,15:14
89_up_033,33,35,89_up,up,89027,宇栄原入口,27,15:15
89_up_033,33,35,89_up,up,89028,新町入口,28,15:16
89_up_033,33,35,89_up,up,89029,第二ゲート,29,15:16
89_up_033,33,35,89_up,up,89030,赤嶺駅前,30,15:17
89_up_033,33,35,89_up,up,89031,赤嶺安里原,31,15:18
89_up_033,33,35,89_up,up,89032,小禄駅前,32,15:20
89_up_033,33,35,89_up,up,89033,田原,33,15:21
89_up_033,33,35,89_up,up,89034,那覇西高校前,34,15:23
89_up_033,33,35,89_up,up,89036,金城,36,15:25
89_up_033,33,35,89_up,up,89037,軍桟橋前,37,15:27
89_up_033,33,35,89_up,up,89038,公園前,38,15:28
89_up_033,33,35,89_up,up,89039,那覇バスターミナル,39,15:31
89_up_033,33,35,89_up,up,89040,旭町,40,15:33
89_up_033,33,35,89_up,up,89041,西壺川,41,15:35
89_up_033,33,35,89_up,up,89042,壺川,42,15:36
89_up_033,33,35,89_up,up,89043,農協会館前,43,15:38
89_up_033,33,35,89_up,up,89044,与儀小学校前,44,15:40
89_up_033,33,35,89_up,up,89045,与儀十字路,45,15:42
89_up_033,33,35,89_up,up,89046,開南,46,15:44
89_up_033,33,35,89_up,up,89047,那覇高校前,47,15:46
89_up_033,33,35,89_up,up,89048,県庁南口,48,15:47
89_up_033,33,35,89_up,up,89049,上泉,49,15:48
89_up_033,33,35,89_up,up,89050,那覇バスターミナル,50,15:51
89_up_034,34,36,89_up,up,89001,糸満バスターミナル,1,15:15
89_up_034,34,36,89_up,up,89002,糸満市役所入口,2,15:15
89_up_034,34,36,89_up,up,89003,糸満市場入口,3,15:16
89_up_034,34,36,89_up,up,89004,糸満ロータリー,4,15:17
89_up_034,34,36,89_up,up,89005,糸満西区,5,15:17
89_up_034,34,36,89_up,up,89006,白銀堂前,6,15:18
89_up_034,34,36,89_up,up,89007,糸満入口,7,15:19
89_up_034,34,36,89_up,up,89015,西崎入口,15,15:21
89_up_034,34,36,89_up,up,89016,潮平,16,15:22
89_up_034,34,36,89_up,up,89017,阿波根,17,15:24
89_up_034,34,36,89_up,up,89018,翁長,18,15:25
89_up_034,34,36,89_up,up,89019,翁長入口,19,15:26
89_up_034,34,36,89_up,up,89020,豊見城南高校前,20,15:27
89_up_034,34,36,89_up,up,89021,与根入口,21,15:29
89_up_034,34,36,89_up,up,89022,座安入口,22,15:29
89_up_034,34,36,89_up,up,89023,伊良波,23,15:30
89_up_034,34,36,89_up,up,89024,我那覇,24,15:31
89_up_034,34,36,89_up,up,89025,名嘉地,25,15:32
89_up_034,34,36,89_up,up,89026,高良,26,15:35
89_up_034,34,36,89_up,up,89027,宇栄原入口,27,15:36
89_up_034,34,36,89_up,up,89028,新町入口,28,15:37
89_up_034,34,36,89_up,up,89029,第二ゲート,29,15:37
89_up_034,34,36,89_up,up,89030,赤嶺駅前,30,15:38
89_up_034,34,36,89_up,up,89031,赤嶺安里原,31,15:39
89_up_034,34,36,89_up,up,89032,小禄駅前,32,15:41
89_up_034,34,36,89_up,up,89033,田原,33,15:42
89_up_034,34,36,89_up,up,89034,那覇西高校前,34,15:44
89_up_034,34,36,89_up,up,89036,金城,36,15:46
89_up_034,34,36,89_up,up,89037,軍桟橋前,37,15:48
89_up_034,34,36,89_up,up,89038,公園前,38,15:49
89_up_034,34,36,89_up,up,89039,那覇バスターミナル,39,15:52
89_up_034,34,36,89_up,up,89040,旭町,40,15:54
89_up_034,34,36,89_up,up,89041,西壺川,41,15:56
89_up_034,34,36,89_up,up,89042,壺川,42,15:57
89_up_034,34,36,89_up,up,89043,農協会館前,43,15:59
89_up_034,34,36,89_up,up,89044,与儀小学校前,44,16:01
89_up_034,34,36,89_up,up,89045,与儀十字路,45,16:03
89_up_034,34,36,89_up,up,89046,開南,46,16:05
89_up_034,34,36,89_up,up,89047,那覇高校前,47,16:07
89_up_034,34,36,89_up,up,89048,県庁南口,48,16:08
89_up_034,34,36,89_up,up,89049,上泉,49,16:09
89_up_034,34,36,89_up,up,89050,那覇バスターミナル,50,16:12
89_up_035,35,37,89_up,up,89001,糸満バスターミナル,1,15:35
89_up_035,35,37,89_up,up,89002,糸満市役所入口,2,15:35
89_up_035,35,37,89_up,up,89003,糸満市場入口,3,15:36
89_up_035,35,37,89_up,up,89004,糸満ロータリー,4,15:36
89_up_035,35,37,89_up,up,89005,糸満西区,5,15:37
89_up_035,35,37,89_up,up,89006,白銀堂前,6,15:37
89_up_035,35,37,89_up,up,89007,糸満入口,7,15:38
89_up_035,35,37,89_up,up,89008,西崎入口,8,15:40
89_up_035,35,37,89_up,up,89009,西崎小学校入口,9,15:41
89_up_035,35,37,89_up,up,89010,工業団地入口,10,15:42
89_up_035,35,37,89_up,up,89011,西崎二丁目,11,15:43
89_up_035,35,37,89_up,up,89012,西崎第二団地前,12,15:45
89_up_035,35,37,89_up,up,89013,西崎運動公園前,13,15:46
89_up_035,35,37,89_up,up,89014,西崎中学校入口,14,15:48
89_up_035,35,37,89_up,up,89017,阿波根,17,15:50
89_up_035,35,37,89_up,up,89018,翁長,18,15:51
89_up_035,35,37,89_up,up,89019,翁長入口,19,15:52
89_up_035,35,37,89_up,up,89020,豊見城南高校前,20,15:53
89_up_035,35,37,89_up,up,89021,与根入口,21,15:55
89_up_035,35,37,89_up,up,89022,座安入口,22,15:55
89_up_035,35,37,89_up,up,89023,伊良波,23,15:56
89_up_035,35,37,89_up,up,89024,我那覇,24,15:57
89_up_035,35,37,89_up,up,89025,名嘉地,25,15:58
89_up_035,35,37,89_up,up,89026,高良,26,16:01
89_up_035,35,37,89_up,up,89027,宇栄原入口,27,16:02
89_up_035,35,37,89_up,up,89028,新町入口,28,16:03
89_up_035,35,37,89_up,up,89029,第二ゲート,29,16:03
89_up_035,35,37,89_up,up,89030,赤嶺駅前,30,16:04
89_up_035,35,37,89_up,up,89031,赤嶺安里原,31,16:05
89_up_035,35,37,89_up,up,89032,小禄駅前,32,16:07
89_up_035,35,37,89_up,up,89033,田原,33,16:08
89_up_035,35,37,89_up,up,89034,那覇西高校前,34,16:10
89_up_035,35,37,89_up,up,89036,金城,36,16:12
89_up_035,35,37,89_up,up,89037,軍桟橋前,37,16:14
89_up_035,35,37,89_up,up,89038,公園前,38,16:15
89_up_035,35,37,89_up,up,89039,那覇バスターミナル,39,16:18
89_up_035,35,37,89_up,up,89040,旭町,40,16:20
89_up_035,35,37,89_up,up,89041,西壺川,41,16:22
89_up_035,35,37,89_up,up,89042,壺川,42,16:23
89_up_035,35,37,89_up,up,89043,農協会館前,43,16:25
89_up_035,35,37,89_up,up,89044,与儀小学校前,44,16:27
89_up_035,35,37,89_up,up,89045,与儀十字路,45,16:29
89_up_035,35,37,89_up,up,89046,開南,46,16:31
89_up_035,35,37,89_up,up,89047,那覇高校前,47,16:33
89_up_035,35,37,89_up,up,89048,県庁南口,48,16:34
89_up_035,35,37,89_up,up,89049,上泉,49,16:35
89_up_035,35,37,89_up,up,89050,那覇バスターミナル,50,16:38
89_up_036,36,38,89_up,up,89001,糸満バスターミナル,1,15:55
89_up_036,36,38,89_up,up,89002,糸満市役所入口,2,15:55
89_up_036,36,38,89_up,up,89003,糸満市場入口,3,15:56
89_up_036,36,38,89_up,up,89004,糸満ロータリー,4,15:56
89_up_036,36,38,89_up,up,89005,糸満西区,5,15:57
89_up_036,36,38,89_up,up,89006,白銀堂前,6,15:57
89_up_036,36,38,89_up,up,89007,糸満入口,7,15:58
89_up_036,36,38,89_up,up,89015,西崎入口,15,16:00
89_up_036,36,38,89_up,up,89016,潮平,16,16:01
89_up_036,36,38,89_up,up,89017,阿波根,17,16:03
89_up_036,36,38,89_up,up,89018,翁長,18,16:04
89_up_036,36,38,89_up,up,89019,翁長入口,19,16:05
89_up_036,36,38,89_up,up,89020,豊見城南高校前,20,16:06
89_up_036,36,38,89_up,up,89021,与根入口,21,16:08
89_up_036,36,38,89_up,up,89022,座安入口,22,16:08
89_up_036,36,38,89_up,up,89023,伊良波,23,16:09
89_up_036,36,38,89_up,up,89024,我那覇,24,16:10
89_up_036,36,38,89_up,up,89025,名嘉地,25,16:12
89_up_036,36,38,89_up,up,89026,高良,26,16:15
89_up_036,36,38,89_up,up,89027,宇栄原入口,27,16:16
89_up_036,36,38,89_up,up,89028,新町入口,28,16:16
89_up_036,36,38,89_up,up,89029,第二ゲート,29,16:17
89_up_036,36,38,89_up,up,89030,赤嶺駅前,30,16:18
89_up_036,36,38,89_up,up,89031,赤嶺安里原,31,16:19
89_up_036,36,38,89_up,up,89032,小禄駅前,32,16:21
89_up_036,36,38,89_up,up,89033,田原,33,16:22
89_up_036,36,38,89_up,up,89034,那覇西高校前,34,16:24
89_up_036,36,38,89_up,up,89036,金城,36,16:26
89_up_036,36,38,89_up,up,89037,軍桟橋前,37,16:28
89_up_036,36,38,89_up,up,89038,公園前,38,16:29
89_up_036,36,38,89_up,up,89039,那覇バスターミナル,39,16:32
89_up_036,36,38,89_up,up,89040,旭町,40,16:34
89_up_036,36,38,89_up,up,89041,西壺川,41,16:36
89_up_036,36,38,89_up,up,89042,壺川,42,16:37
89_up_036,36,38,89_up,up,89043,農協会館前,43,16:39
89_up_036,36,38,89_up,up,89044,与儀小学校前,44,16:41
89_up_036,36,38,89_up,up,89045,与儀十字路,45,16:43
89_up_036,36,38,89_up,up,89046,開南,46,16:46
89_up_036,36,38,89_up,up,89047,那覇高校前,47,16:49
89_up_036,36,38,89_up,up,89048,県庁南口,48,16:50
89_up_036,36,38,89_up,up,89049,上泉,49,16:51
89_up_036,36,38,89_up,up,89050,那覇バスターミナル,50,16:54
89_up_037,37,39,89_up,up,89001,糸満バスターミナル,1,16:10
89_up_037,37,39,89_up,up,89002,糸満市役所入口,2,16:10
89_up_037,37,39,89_up,up,89003,糸満市場入口,3,16:11
89_up_037,37,39,89_up,up,89004,糸満ロータリー,4,16:12
89_up_037,37,39,89_up,up,89005,糸満西区,5,16:12
89_up_037,37,39,89_up,up,89006,白銀堂前,6,16:13
89_up_037,37,39,89_up,up,89007,糸満入口,7,16:14
89_up_037,37,39,89_up,up,89015,西崎入口,15,16:16
89_up_037,37,39,89_up,up,89016,潮平,16,16:17
89_up_037,37,39,89_up,up,89017,阿波根,17,16:19
89_up_037,37,39,89_up,up,89018,翁長,18,16:20
89_up_037,37,39,89_up,up,89019,翁長入口,19,16:21
89_up_037,37,39,89_up,up,89020,豊見城南高校前,20,16:22
89_up_037,37,39,89_up,up,89021,与根入口,21,16:24
89_up_037,37,39,89_up,up,89022,座安入口,22,16:24
89_up_037,37,39,89_up,up,89023,伊良波,23,16:25
89_up_037,37,39,89_up,up,89024,我那覇,24,16:26
89_up_037,37,39,89_up,up,89025,名嘉地,25,16:28
89_up_037,37,39,89_up,up,89026,高良,26,16:31
89_up_037,37,39,89_up,up,89027,宇栄原入口,27,16:32
89_up_037,37,39,89_up,up,89028,新町入口,28,16:32
89_up_037,37,39,89_up,up,89029,第二ゲート,29,16:33
89_up_037,37,39,89_up,up,89030,赤嶺駅前,30,16:34
89_up_037,37,39,89_up,up,89031,赤嶺安里原,31,16:35
89_up_037,37,39,89_up,up,89032,小禄駅前,32,16:37
89_up_037,37,39,89_up,up,89033,田原,33,16:38
89_up_037,37,39,89_up,up,89034,那覇西高校前,34,16:40
89_up_037,37,39,89_up,up,89036,金城,36,16:42
89_up_037,37,39,89_up,up,89037,軍桟橋前,37,16:44
89_up_037,37,39,89_up,up,89038,公園前,38,16:45
89_up_037,37,39,89_up,up,89039,那覇バスターミナル,39,16:48
89_up_037,37,39,89_up,up,89040,旭町,40,16:50
89_up_037,37,39,89_up,up,89041,西壺川,41,16:52
89_up_037,37,39,89_up,up,89042,壺川,42,16:53
89_up_037,37,39,89_up,up,89043,農協会館前,43,16:55
89_up_037,37,39,89_up,up,89044,与儀小学校前,44,16:57
89_up_037,37,39,89_up,up,89045,与儀十字路,45,16:59
89_up_037,37,39,89_up,up,89046,開南,46,17:02
89_up_037,37,39,89_up,up,89047,那覇高校前,47,17:05
89_up_037,37,39,89_up,up,89048,県庁南口,48,17:06
89_up_037,37,39,89_up,up,89049,上泉,49,17:07
89_up_037,37,39,89_up,up,89050,那覇バスターミナル,50,17:10
89_up_038,38,40,89_up,up,89001,糸満バスターミナル,1,16:30
89_up_038,38,40,89_up,up,89002,糸満市役所入口,2,16:30
89_up_038,38,40,89_up,up,89003,糸満市場入口,3,16:31
89_up_038,38,40,89_up,up,89004,糸満ロータリー,4,16:31
89_up_038,38,40,89_up,up,89005,糸満西区,5,16:32
89_up_038,38,40,89_up,up,89006,白銀堂前,6,16:32
89_up_038,38,40,89_up,up,89007,糸満入口,7,16:33
89_up_038,38,40,89_up,up,89015,西崎入口,15,16:35
89_up_038,38,40,89_up,up,89016,潮平,16,16:36
89_up_038,38,40,89_up,up,89017,阿波根,17,16:38
89_up_038,38,40,89_up,up,89018,翁長,18,16:39
89_up_038,38,40,89_up,up,89019,翁長入口,19,16:40
89_up_038,38,40,89_up,up,89020,豊見城南高校前,20,16:41
89_up_038,38,40,89_up,up,89021,与根入口,21,16:43
89_up_038,38,40,89_up,up,89022,座安入口,22,16:43
89_up_038,38,40,89_up,up,89023,伊良波,23,16:44
89_up_038,38,40,89_up,up,89024,我那覇,24,16:45
89_up_038,38,40,89_up,up,89025,名嘉地,25,16:47
89_up_038,38,40,89_up,up,89026,高良,26,16:50
89_up_038,38,40,89_up,up,89027,宇栄原入口,27,16:51
89_up_038,38,40,89_up,up,89028,新町入口,28,16:51
89_up_038,38,40,89_up,up,89029,第二ゲート,29,16:52
89_up_038,38,40,89_up,up,89030,赤嶺駅前,30,16:53
89_up_038,38,40,89_up,up,89031,赤嶺安里原,31,16:54
89_up_038,38,40,89_up,up,89032,小禄駅前,32,16:56
89_up_038,38,40,89_up,up,89033,田原,33,16:57
89_up_038,38,40,89_up,up,89034,那覇西高校前,34,16:59
89_up_038,38,40,89_up,up,89036,金城,36,17:01
89_up_038,38,40,89_up,up,89037,軍桟橋前,37,17:03
89_up_038,38,40,89_up,up,89038,公園前,38,17:04
89_up_038,38,40,89_up,up,89039,那覇バスターミナル,39,17:07
89_up_038,38,40,89_up,up,89040,旭町,40,17:09
89_up_038,38,40,89_up,up,89041,西壺川,41,17:11
89_up_038,38,40,89_up,up,89042,壺川,42,17:12
89_up_038,38,40,89_up,up,89043,農協会館前,43,17:14
89_up_038,38,40,89_up,up,89044,与儀小学校前,44,17:16
89_up_038,38,40,89_up,up,89045,与儀十字路,45,17:18
89_up_038,38,40,89_up,up,89046,開南,46,17:21
89_up_038,38,40,89_up,up,89047,那覇高校前,47,17:24
89_up_038,38,40,89_up,up,89048,県庁南口,48,17:25
89_up_038,38,40,89_up,up,89049,上泉,49,17:26
89_up_038,38,40,89_up,up,89050,那覇バスターミナル,50,17:29
89_up_039,39,41,89_up,up,89001,糸満バスターミナル,1,16:45
89_up_039,39,41,89_up,up,89002,糸満市役所入口,2,16:45
89_up_039,39,41,89_up,up,89003,糸満市場入口,3,16:46
89_up_039,39,41,89_up,up,89004,糸満ロータリー,4,16:47
89_up_039,39,41,89_up,up,89005,糸満西区,5,16:47
89_up_039,39,41,89_up,up,89006,白銀堂前,6,16:48
89_up_039,39,41,89_up,up,89007,糸満入口,7,16:49
89_up_039,39,41,89_up,up,89015,西崎入口,15,16:51
89_up_039,39,41,89_up,up,89016,潮平,16,16:52
89_up_039,39,41,89_up,up,89017,阿波根,17,16:54
89_up_039,39,41,89_up,up,89018,翁長,18,16:55
89_up_039,39,41,89_up,up,89019,翁長入口,19,16:56
89_up_039,39,41,89_up,up,89020,豊見城南高校前,20,16:57
89_up_039,39,41,89_up,up,89021,与根入口,21,16:59
89_up_039,39,41,89_up,up,89022,座安入口,22,17:00
89_up_039,39,41,89_up,up,89023,伊良波,23,17:01
89_up_039,39,41,89_up,up,89024,我那覇,24,17:02
89_up_039,39,41,89_up,up,89025,名嘉地,25,17:04
89_up_039,39,41,89_up,up,89026,高良,26,17:06
89_up_039,39,41,89_up,up,89027,宇栄原入口,27,17:08
89_up_039,39,41,89_up,up,89028,新町入口,28,17:08
89_up_039,39,41,89_up,up,89029,第二ゲート,29,17:10
89_up_039,39,41,89_up,up,89030,赤嶺駅前,30,17:12
89_up_039,39,41,89_up,up,89031,赤嶺安里原,31,17:14
89_up_039,39,41,89_up,up,89032,小禄駅前,32,17:16
89_up_039,39,41,89_up,up,89033,田原,33,17:17
89_up_039,39,41,89_up,up,89034,那覇西高校前,34,17:19
89_up_039,39,41,89_up,up,89036,金城,36,17:21
89_up_039,39,41,89_up,up,89037,軍桟橋前,37,17:23
89_up_039,39,41,89_up,up,89038,公園前,38,17:24
89_up_039,39,41,89_up,up,89039,那覇バスターミナル,39,17:27
89_up_039,39,41,89_up,up,89040,旭町,40,17:29
89_up_039,39,41,89_up,up,89041,西壺川,41,17:31
89_up_039,39,41,89_up,up,89042,壺川,42,17:32
89_up_039,39,41,89_up,up,89043,農協会館前,43,17:34
89_up_039,39,41,89_up,up,89044,与儀小学校前,44,17:36
89_up_039,39,41,89_up,up,89045,与儀十字路,45,17:38
89_up_039,39,41,89_up,up,89046,開南,46,17:41
89_up_039,39,41,89_up,up,89047,那覇高校前,47,17:44
89_up_039,39,41,89_up,up,89048,県庁南口,48,17:45
89_up_039,39,41,89_up,up,89049,上泉,49,17:46
89_up_039,39,41,89_up,up,89050,那覇バスターミナル,50,17:49
89_up_040,40,42,89_up,up,89001,糸満バスターミナル,1,17:05
89_up_040,40,42,89_up,up,89002,糸満市役所入口,2,17:05
89_up_040,40,42,89_up,up,89003,糸満市場入口,3,17:06
89_up_040,40,42,89_up,up,89004,糸満ロータリー,4,17:06
89_up_040,40,42,89_up,up,89005,糸満西区,5,17:07
89_up_040,40,42,89_up,up,89006,白銀堂前,6,17:07
89_up_040,40,42,89_up,up,89007,糸満入口,7,17:08
89_up_040,40,42,89_up,up,89008,西崎入口,8,17:10
89_up_040,40,42,89_up,up,89009,西崎小学校入口,9,17:11
89_up_040,40,42,89_up,up,89010,工業団地入口,10,17:12
89_up_040,40,42,89_up,up,89011,西崎二丁目,11,17:13
89_up_040,40,42,89_up,up,89012,西崎第二団地前,12,17:14
89_up_040,40,42,89_up,up,89013,西崎運動公園前,13,17:15
89_up_040,40,42,89_up,up,89014,西崎中学校入口,14,17:17
89_up_040,40,42,89_up,up,89017,阿波根,17,17:19
89_up_040,40,42,89_up,up,89018,翁長,18,17:20
89_up_040,40,42,89_up,up,89019,翁長入口,19,17:21
89_up_040,40,42,89_up,up,89020,豊見城南高校前,20,17:22
89_up_040,40,42,89_up,up,89021,与根入口,21,17:24
89_up_040,40,42,89_up,up,89022,座安入口,22,17:25
89_up_040,40,42,89_up,up,89023,伊良波,23,17:26
89_up_040,40,42,89_up,up,89024,我那覇,24,17:27
89_up_040,40,42,89_up,up,89025,名嘉地,25,17:30
89_up_040,40,42,89_up,up,89026,高良,26,17:32
89_up_040,40,42,89_up,up,89027,宇栄原入口,27,17:34
89_up_040,40,42,89_up,up,89028,新町入口,28,17:34
89_up_040,40,42,89_up,up,89029,第二ゲート,29,17:36
89_up_040,40,42,89_up,up,89030,赤嶺駅前,30,17:38
89_up_040,40,42,89_up,up,89031,赤嶺安里原,31,17:40
89_up_040,40,42,89_up,up,89032,小禄駅前,32,17:42
89_up_040,40,42,89_up,up,89033,田原,33,17:43
89_up_040,40,42,89_up,up,89034,那覇西高校前,34,17:45
89_up_040,40,42,89_up,up,89036,金城,36,17:47
89_up_040,40,42,89_up,up,89037,軍桟橋前,37,17:49
89_up_040,40,42,89_up,up,89038,公園前,38,17:50
89_up_040,40,42,89_up,up,89039,那覇バスターミナル,39,17:53
89_up_040,40,42,89_up,up,89040,旭町,40,17:55
89_up_040,40,42,89_up,up,89041,西壺川,41,17:57
89_up_040,40,42,89_up,up,89042,壺川,42,17:58
89_up_040,40,42,89_up,up,89043,農協会館前,43,18:00
89_up_040,40,42,89_up,up,89044,与儀小学校前,44,18:02
89_up_040,40,42,89_up,up,89045,与儀十字路,45,18:04
89_up_040,40,42,89_up,up,89046,開南,46,18:07
89_up_040,40,42,89_up,up,89047,那覇高校前,47,18:10
89_up_040,40,42,89_up,up,89048,県庁南口,48,18:11
89_up_040,40,42,89_up,up,89049,上泉,49,18:12
89_up_040,40,42,89_up,up,89050,那覇バスターミナル,50,18:15
89_up_041,41,43,89_up,up,89001,糸満バスターミナル,1,17:25
89_up_041,41,43,89_up,up,89002,糸満市役所入口,2,17:25
89_up_041,41,43,89_up,up,89003,糸満市場入口,3,17:26
89_up_041,41,43,89_up,up,89004,糸満ロータリー,4,17:26
89_up_041,41,43,89_up,up,89005,糸満西区,5,17:27
89_up_041,41,43,89_up,up,89006,白銀堂前,6,17:27
89_up_041,41,43,89_up,up,89007,糸満入口,7,17:28
89_up_041,41,43,89_up,up,89015,西崎入口,15,17:30
89_up_041,41,43,89_up,up,89016,潮平,16,17:31
89_up_041,41,43,89_up,up,89017,阿波根,17,17:33
89_up_041,41,43,89_up,up,89018,翁長,18,17:34
89_up_041,41,43,89_up,up,89019,翁長入口,19,17:35
89_up_041,41,43,89_up,up,89020,豊見城南高校前,20,17:36
89_up_041,41,43,89_up,up,89021,与根入口,21,17:38
89_up_041,41,43,89_up,up,89022,座安入口,22,17:39
89_up_041,41,43,89_up,up,89023,伊良波,23,17:40
89_up_041,41,43,89_up,up,89024,我那覇,24,17:41
89_up_041,41,43,89_up,up,89025,名嘉地,25,17:44
89_up_041,41,43,89_up,up,89026,高良,26,17:46
89_up_041,41,43,89_up,up,89027,宇栄原入口,27,17:48
89_up_041,41,43,89_up,up,89028,新町入口,28,17:48
89_up_041,41,43,89_up,up,89029,第二ゲート,29,17:50
89_up_041,41,43,89_up,up,89030,赤嶺駅前,30,17:52
89_up_041,41,43,89_up,up,89031,赤嶺安里原,31,17:54
89_up_041,41,43,89_up,up,89032,小禄駅前,32,17:56
89_up_041,41,43,89_up,up,89033,田原,33,17:57
89_up_041,41,43,89_up,up,89034,那覇西高校前,34,17:59
89_up_041,41,43,89_up,up,89036,金城,36,18:01
89_up_041,41,43,89_up,up,89037,軍桟橋前,37,18:03
89_up_041,41,43,89_up,up,89038,公園前,38,18:04
89_up_041,41,43,89_up,up,89039,那覇バスターミナル,39,18:07
89_up_041,41,43,89_up,up,89040,旭町,40,18:09
89_up_041,41,43,89_up,up,89041,西壺川,41,18:11
89_up_041,41,43,89_up,up,89042,壺川,42,18:12
89_up_041,41,43,89_up,up,89043,農協会館前,43,18:14
89_up_041,41,43,89_up,up,89044,与儀小学校前,44,18:16
89_up_041,41,43,89_up,up,89045,与儀十字路,45,18:18
89_up_041,41,43,89_up,up,89046,開南,46,18:21
89_up_041,41,43,89_up,up,89047,那覇高校前,47,18:24
89_up_041,41,43,89_up,up,89048,県庁南口,48,18:25
89_up_041,41,43,89_up,up,89049,上泉,49,18:26
89_up_041,41,43,89_up,up,89050,那覇バスターミナル,50,18:29
89_up_042,42,44,89_up,up,89001,糸満バスターミナル,1,17:45
89_up_042,42,44,89_up,up,89002,糸満市役所入口,2,17:45
89_up_042,42,44,89_up,up,89003,糸満市場入口,3,17:46
89_up_042,42,44,89_up,up,89004,糸満ロータリー,4,17:46
89_up_042,42,44,89_up,up,89005,糸満西区,5,17:47
89_up_042,42,44,89_up,up,89006,白銀堂前,6,17:47
89_up_042,42,44,89_up,up,89007,糸満入口,7,17:48
89_up_042,42,44,89_up,up,89015,西崎入口,15,17:50
89_up_042,42,44,89_up,up,89016,潮平,16,17:51
89_up_042,42,44,89_up,up,89017,阿波根,17,17:53
89_up_042,42,44,89_up,up,89018,翁長,18,17:54
89_up_042,42,44,89_up,up,89019,翁長入口,19,17:55
89_up_042,42,44,89_up,up,89020,豊見城南高校前,20,17:56
89_up_042,42,44,89_up,up,89021,与根入口,21,17:58
89_up_042,42,44,89_up,up,89022,座安入口,22,17:59
89_up_042,42,44,89_up,up,89023,伊良波,23,18:00
89_up_042,42,44,89_up,up,89024,我那覇,24,18:01
89_up_042,42,44,89_up,up,89025,名嘉地,25,18:04
89_up_042,42,44,89_up,up,89026,高良,26,18:06
89_up_042,42,44,89_up,up,89027,宇栄原入口,27,18:08
89_up_042,42,44,89_up,up,89028,新町入口,28,18:08
89_up_042,42,44,89_up,up,89029,第二ゲート,29,18:10
89_up_042,42,44,89_up,up,89030,赤嶺駅前,30,18:12
89_up_042,42,44,89_up,up,89031,赤嶺安里原,31,18:14
89_up_042,42,44,89_up,up,89032,小禄駅前,32,18:16
89_up_042,42,44,89_up,up,89033,田原,33,18:17
89_up_042,42,44,89_up,up,89034,那覇西高校前,34,18:19
89_up_042,42,44,89_up,up,89036,金城,36,18:21
89_up_042,42,44,89_up,up,89037,軍桟橋前,37,18:23
89_up_042,42,44,89_up,up,89038,公園前,38,18:24
89_up_042,42,44,89_up,up,89039,那覇バスターミナル,39,18:27
89_up_042,42,44,89_up,up,89040,旭町,40,18:29
89_up_042,42,44,89_up,up,89041,西壺川,41,18:31
89_up_042,42,44,89_up,up,89042,壺川,42,18:32
89_up_042,42,44,89_up,up,89043,農協会館前,43,18:34
89_up_042,42,44,89_up,up,89044,与儀小学校前,44,18:36
89_up_042,42,44,89_up,up,89045,与儀十字路,45,18:38
89_up_042,42,44,89_up,up,89046,開南,46,18:41
89_up_042,42,44,89_up,up,89047,那覇高校前,47,18:44
89_up_042,42,44,89_up,up,89048,県庁南口,48,18:45
89_up_042,42,44,89_up,up,89049,上泉,49,18:46
89_up_042,42,44,89_up,up,89050,那覇バスターミナル,50,18:49
89_up_043,43,45,89_up,up,89001,糸満バスターミナル,1,18:05
89_up_043,43,45,89_up,up,89002,糸満市役所入口,2,18:05
89_up_043,43,45,89_up,up,89003,糸満市場入口,3,18:06
89_up_043,43,45,89_up,up,89004,糸満ロータリー,4,18:06
89_up_043,43,45,89_up,up,89005,糸満西区,5,18:07
89_up_043,43,45,89_up,up,89006,白銀堂前,6,18:07
89_up_043,43,45,89_up,up,89007,糸満入口,7,18:08
89_up_043,43,45,89_up,up,89008,西崎入口,8,18:10
89_up_043,43,45,89_up,up,89009,西崎小学校入口,9,18:11
89_up_043,43,45,89_up,up,89010,工業団地入口,10,18:12
89_up_043,43,45,89_up,up,89011,西崎二丁目,11,18:13
89_up_043,43,45,89_up,up,89012,西崎第二団地前,12,18:15
89_up_043,43,45,89_up,up,89013,西崎運動公園前,13,18:16
89_up_043,43,45,89_up,up,89014,西崎中学校入口,14,18:18
89_up_043,43,45,89_up,up,89017,阿波根,17,18:20
89_up_043,43,45,89_up,up,89018,翁長,18,18:21
89_up_043,43,45,89_up,up,89019,翁長入口,19,18:22
89_up_043,43,45,89_up,up,89020,豊見城南高校前,20,18:23
89_up_043,43,45,89_up,up,89021,与根入口,21,18:25
89_up_043,43,45,89_up,up,89022,座安入口,22,18:25
89_up_043,43,45,89_up,up,89023,伊良波,23,18:26
89_up_043,43,45,89_up,up,89024,我那覇,24,18:27
89_up_043,43,45,89_up,up,89025,名嘉地,25,18:30
89_up_043,43,45,89_up,up,89026,高良,26,18:33
89_up_043,43,45,89_up,up,89027,宇栄原入口,27,18:35
89_up_043,43,45,89_up,up,89028,新町入口,28,18:35
89_up_043,43,45,89_up,up,89029,第二ゲート,29,18:37
89_up_043,43,45,89_up,up,89030,赤嶺駅前,30,18:39
89_up_043,43,45,89_up,up,89031,赤嶺安里原,31,18:41
89_up_043,43,45,89_up,up,89032,小禄駅前,32,18:43
89_up_043,43,45,89_up,up,89033,田原,33,18:44
89_up_043,43,45,89_up,up,89034,那覇西高校前,34,18:46
89_up_043,43,45,89_up,up,89036,金城,36,18:48
89_up_043,43,45,89_up,up,89037,軍桟橋前,37,18:50
89_up_043,43,45,89_up,up,89038,公園前,38,18:51
89_up_043,43,45,89_up,up,89039,那覇バスターミナル,39,18:54
89_up_043,43,45,89_up,up,89040,旭町,40,18:56
89_up_043,43,45,89_up,up,89041,西壺川,41,18:58
89_up_043,43,45,89_up,up,89042,壺川,42,18:59
89_up_043,43,45,89_up,up,89043,農協会館前,43,19:01
89_up_043,43,45,89_up,up,89044,与儀小学校前,44,19:03
89_up_043,43,45,89_up,up,89045,与儀十字路,45,19:05
89_up_043,43,45,89_up,up,89046,開南,46,19:08
89_up_043,43,45,89_up,up,89047,那覇高校前,47,19:11
89_up_043,43,45,89_up,up,89048,県庁南口,48,19:12
89_up_043,43,45,89_up,up,89049,上泉,49,19:13
89_up_043,43,45,89_up,up,89050,那覇バスターミナル,50,19:16
89_up_044,44,46,89_up,up,89001,糸満バスターミナル,1,18:30
89_up_044,44,46,89_up,up,89002,糸満市役所入口,2,18:30
89_up_044,44,46,89_up,up,89003,糸満市場入口,3,18:31
89_up_044,44,46,89_up,up,89004,糸満ロータリー,4,18:31
89_up_044,44,46,89_up,up,89005,糸満西区,5,18:32
89_up_044,44,46,89_up,up,89006,白銀堂前,6,18:32
89_up_044,44,46,89_up,up,89007,糸満入口,7,18:33
89_up_044,44,46,89_up,up,89015,西崎入口,15,18:35
89_up_044,44,46,89_up,up,89016,潮平,16,18:36
89_up_044,44,46,89_up,up,89017,阿波根,17,18:38
89_up_044,44,46,89_up,up,89018,翁長,18,18:39
89_up_044,44,46,89_up,up,89019,翁長入口,19,18:40
89_up_044,44,46,89_up,up,89020,豊見城南高校前,20,18:42
89_up_044,44,46,89_up,up,89021,与根入口,21,18:43
89_up_044,44,46,89_up,up,89022,座安入口,22,18:43
89_up_044,44,46,89_up,up,89023,伊良波,23,18:44
89_up_044,44,46,89_up,up,89024,我那覇,24,18:45
89_up_044,44,46,89_up,up,89025,名嘉地,25,18:47
89_up_044,44,46,89_up,up,89026,高良,26,18:50
89_up_044,44,46,89_up,up,89027,宇栄原入口,27,18:52
89_up_044,44,46,89_up,up,89028,新町入口,28,18:52
89_up_044,44,46,89_up,up,89029,第二ゲート,29,18:54
89_up_044,44,46,89_up,up,89030,赤嶺駅前,30,18:56
89_up_044,44,46,89_up,up,89031,赤嶺安里原,31,18:58
89_up_044,44,46,89_up,up,89032,小禄駅前,32,19:00
89_up_044,44,46,89_up,up,89033,田原,33,19:01
89_up_044,44,46,89_up,up,89034,那覇西高校前,34,19:03
89_up_044,44,46,89_up,up,89036,金城,36,19:05
89_up_044,44,46,89_up,up,89037,軍桟橋前,37,19:07
89_up_044,44,46,89_up,up,89038,公園前,38,19:08
89_up_044,44,46,89_up,up,89039,那覇バスターミナル,39,19:11
89_up_044,44,46,89_up,up,89040,旭町,40,19:13
89_up_044,44,46,89_up,up,89041,西壺川,41,19:15
89_up_044,44,46,89_up,up,89042,壺川,42,19:16
89_up_044,44,46,89_up,up,89043,農協会館前,43,19:18
89_up_044,44,46,89_up,up,89044,与儀小学校前,44,19:20
89_up_044,44,46,89_up,up,89045,与儀十字路,45,19:22
89_up_044,44,46,89_up,up,89046,開南,46,19:25
89_up_044,44,46,89_up,up,89047,那覇高校前,47,19:28
89_up_044,44,46,89_up,up,89048,県庁南口,48,19:29
89_up_044,44,46,89_up,up,89049,上泉,49,19:30
89_up_044,44,46,89_up,up,89050,那覇バスターミナル,50,19:33
89_up_045,45,47,89_up,up,89001,糸満バスターミナル,1,18:55
89_up_045,45,47,89_up,up,89002,糸満市役所入口,2,18:55
89_up_045,45,47,89_up,up,89003,糸満市場入口,3,18:56
89_up_045,45,47,89_up,up,89004,糸満ロータリー,4,18:56
89_up_045,45,47,89_up,up,89005,糸満西区,5,18:57
89_up_045,45,47,89_up,up,89006,白銀堂前,6,18:57
89_up_045,45,47,89_up,up,89007,糸満入口,7,18:58
89_up_045,45,47,89_up,up,89015,西崎入口,15,19:00
89_up_045,45,47,89_up,up,89016,潮平,16,19:01
89_up_045,45,47,89_up,up,89017,阿波根,17,19:03
89_up_045,45,47,89_up,up,89018,翁長,18,19:04
89_up_045,45,47,89_up,up,89019,翁長入口,19,19:05
89_up_045,45,47,89_up,up,89020,豊見城南高校前,20,19:06
89_up_045,45,47,89_up,up,89021,与根入口,21,19:08
89_up_045,45,47,89_up,up,89022,座安入口,22,19:08
89_up_045,45,47,89_up,up,89023,伊良波,23,19:09
89_up_045,45,47,89_up,up,89024,我那覇,24,19:10
89_up_045,45,47,89_up,up,89025,名嘉地,25,19:11
89_up_045,45,47,89_up,up,89026,高良,26,19:14
89_up_045,45,47,89_up,up,89027,宇栄原入口,27,19:15
89_up_045,45,47,89_up,up,89028,新町入口,28,19:15
89_up_045,45,47,89_up,up,89029,第二ゲート,29,19:16
89_up_045,45,47,89_up,up,89030,赤嶺駅前,30,19:17
89_up_045,45,47,89_up,up,89031,赤嶺安里原,31,19:19
89_up_045,45,47,89_up,up,89032,小禄駅前,32,19:21
89_up_045,45,47,89_up,up,89033,田原,33,19:22
89_up_045,45,47,89_up,up,89034,那覇西高校前,34,19:24
89_up_045,45,47,89_up,up,89036,金城,36,19:26
89_up_045,45,47,89_up,up,89037,軍桟橋前,37,19:28
89_up_045,45,47,89_up,up,89038,公園前,38,19:29
89_up_045,45,47,89_up,up,89039,那覇バスターミナル,39,19:32
89_up_045,45,47,89_up,up,89040,旭町,40,19:34
89_up_045,45,47,89_up,up,89041,西壺川,41,19:36
89_up_045,45,47,89_up,up,89042,壺川,42,19:37
89_up_045,45,47,89_up,up,89043,農協会館前,43,19:39
89_up_045,45,47,89_up,up,89044,与儀小学校前,44,19:41
89_up_045,45,47,89_up,up,89045,与儀十字路,45,19:43
89_up_045,45,47,89_up,up,89046,開南,46,19:46
89_up_045,45,47,89_up,up,89047,那覇高校前,47,19:48
89_up_045,45,47,89_up,up,89048,県庁南口,48,19:49
89_up_045,45,47,89_up,up,89049,上泉,49,19:50
89_up_045,45,47,89_up,up,89050,那覇バスターミナル,50,19:53
89_up_046,46,48,89_up,up,89001,糸満バスターミナル,1,19:20
89_up_046,46,48,89_up,up,89002,糸満市役所入口,2,19:20
89_up_046,46,48,89_up,up,89003,糸満市場入口,3,19:21
89_up_046,46,48,89_up,up,89004,糸満ロータリー,4,19:21
89_up_046,46,48,89_up,up,89005,糸満西区,5,19:22
89_up_046,46,48,89_up,up,89006,白銀堂前,6,19:22
89_up_046,46,48,89_up,up,89007,糸満入口,7,19:23
89_up_046,46,48,89_up,up,89015,西崎入口,15,19:25
89_up_046,46,48,89_up,up,89016,潮平,16,19:26
89_up_046,46,48,89_up,up,89017,阿波根,17,19:28
89_up_046,46,48,89_up,up,89018,翁長,18,19:29
89_up_046,46,48,89_up,up,89019,翁長入口,19,19:30
89_up_046,46,48,89_up,up,89020,豊見城南高校前,20,19:31
89_up_046,46,48,89_up,up,89021,与根入口,21,19:33
89_up_046,46,48,89_up,up,89022,座安入口,22,19:33
89_up_046,46,48,89_up,up,89023,伊良波,23,19:34
89_up_046,46,48,89_up,up,89024,我那覇,24,19:35
89_up_046,46,48,89_up,up,89025,名嘉地,25,19:36
89_up_046,46,48,89_up,up,89026,高良,26,19:39
89_up_046,46,48,89_up,up,89027,宇栄原入口,27,19:40
89_up_046,46,48,89_up,up,89028,新町入口,28,19:40
89_up_046,46,48,89_up,up,89029,第二ゲート,29,19:41
89_up_046,46,48,89_up,up,89030,赤嶺駅前,30,19:42
89_up_046,46,48,89_up,up,89035,航空隊前,35,19:44
89_up_046,46,48,89_up,up,89036,金城,36,19:46
89_up_046,46,48,89_up,up,89037,軍桟橋前,37,19:48
89_up_046,46,48,89_up,up,89038,公園前,38,19:49
89_up_046,46,48,89_up,up,89039,那覇バスターミナル,39,19:52
89_up_046,46,48,89_up,up,89040,旭町,40,19:54
89_up_046,46,48,89_up,up,89041,西壺川,41,19:56
89_up_046,46,48,89_up,up,89042,壺川,42,19:57
89_up_046,46,48,89_up,up,89043,農協会館前,43,19:59
89_up_046,46,48,89_up,up,89044,与儀小学校前,44,20:01
89_up_046,46,48,89_up,up,89045,与儀十字路,45,20:03
89_up_046,46,48,89_up,up,89046,開南,46,20:06
89_up_046,46,48,89_up,up,89047,那覇高校前,47,20:07
89_up_046,46,48,89_up,up,89048,県庁南口,48,20:08
89_up_046,46,48,89_up,up,89049,上泉,49,20:09
89_up_046,46,48,89_up,up,89050,那覇バスターミナル,50,20:12
89_up_047,47,49,89_up,up,89001,糸満バスターミナル,1,19:45
89_up_047,47,49,89_up,up,89002,糸満市役所入口,2,19:45
89_up_047,47,49,89_up,up,89003,糸満市場入口,3,19:46
89_up_047,47,49,89_up,up,89004,糸満ロータリー,4,19:46
89_up_047,47,49,89_up,up,89005,糸満西区,5,19:47
89_up_047,47,49,89_up,up,89006,白銀堂前,6,19:47
89_up_047,47,49,89_up,up,89007,糸満入口,7,19:48
89_up_047,47,49,89_up,up,89008,西崎入口,8,19:50
89_up_047,47,49,89_up,up,89009,西崎小学校入口,9,19:51
89_up_047,47,49,89_up,up,89010,工業団地入口,10,19:52
89_up_047,47,49,89_up,up,89011,西崎二丁目,11,19:53
89_up_047,47,49,89_up,up,89012,西崎第二団地前,12,19:55
89_up_047,47,49,89_up,up,89013,西崎運動公園前,13,19:56
89_up_047,47,49,89_up,up,89014,西崎中学校入口,14,19:58
89_up_047,47,49,89_up,up,89017,阿波根,17,20:00
89_up_047,47,49,89_up,up,89018,翁長,18,20:01
89_up_047,47,49,89_up,up,89019,翁長入口,19,20:02
89_up_047,47,49,89_up,up,89020,豊見城南高校前,20,20:03
89_up_047,47,49,89_up,up,89021,与根入口,21,20:05
89_up_047,47,49,89_up,up,89022,座安入口,22,20:05
89_up_047,47,49,89_up,up,89023,伊良波,23,20:06
89_up_047,47,49,89_up,up,89024,我那覇,24,20:07
89_up_047,47,49,89_up,up,89025,名嘉地,25,20:08
89_up_047,47,49,89_up,up,89026,高良,26,20:11
89_up_047,47,49,89_up,up,89027,宇栄原入口,27,20:12
89_up_047,47,49,89_up,up,89028,新町入口,28,20:12
89_up_047,47,49,89_up,up,89029,第二ゲート,29,20:13
89_up_047,47,49,89_up,up,89030,赤嶺駅前,30,20:14
89_up_047,47,49,89_up,up,89031,赤嶺安里原,31,20:15
89_up_047,47,49,89_up,up,89032,小禄駅前,32,20:17
89_up_047,47,49,89_up,up,89033,田原,33,20:18
89_up_047,47,49,89_up,up,89034,那覇西高校前,34,20:20
89_up_047,47,49,89_up,up,89036,金城,36,20:22
89_up_047,47,49,89_up,up,89037,軍桟橋前,37,20:24
89_up_047,47,49,89_up,up,89038,公園前,38,20:25
89_up_047,47,49,89_up,up,89039,那覇バスターミナル,39,20:28
89_up_047,47,49,89_up,up,89040,旭町,40,20:30
89_up_047,47,49,89_up,up,89041,西壺川,41,20:32
89_up_047,47,49,89_up,up,89042,壺川,42,20:33
89_up_047,47,49,89_up,up,89043,農協会館前,43,20:35
89_up_047,47,49,89_up,up,89044,与儀小学校前,44,20:37
89_up_047,47,49,89_up,up,89045,与儀十字路,45,20:39
89_up_047,47,49,89_up,up,89046,開南,46,20:42
89_up_047,47,49,89_up,up,89047,那覇高校前,47,20:43
89_up_047,47,49,89_up,up,89048,県庁南口,48,20:44
89_up_047,47,49,89_up,up,89049,上泉,49,20:45
89_up_047,47,49,89_up,up,89050,那覇バスターミナル,50,20:48
89_up_048,48,50,89_up,up,89001,糸満バスターミナル,1,20:10
89_up_048,48,50,89_up,up,89002,糸満市役所入口,2,20:10
89_up_048,48,50,89_up,up,89003,糸満市場入口,3,20:11
89_up_048,48,50,89_up,up,89004,糸満ロータリー,4,20:11
89_up_048,48,50,89_up,up,89005,糸満西区,5,20:12
89_up_048,48,50,89_up,up,89006,白銀堂前,6,20:12
89_up_048,48,50,89_up,up,89007,糸満入口,7,20:13
89_up_048,48,50,89_up,up,89015,西崎入口,15,20:15
89_up_048,48,50,89_up,up,89016,潮平,16,20:16
89_up_048,48,50,89_up,up,89017,阿波根,17,20:18
89_up_048,48,50,89_up,up,89018,翁長,18,20:19
89_up_048,48,50,89_up,up,89019,翁長入口,19,20:20
89_up_048,48,50,89_up,up,89020,豊見城南高校前,20,20:21
89_up_048,48,50,89_up,up,89021,与根入口,21,20:23
89_up_048,48,50,89_up,up,89022,座安入口,22,20:23
89_up_048,48,50,89_up,up,89023,伊良波,23,20:24
89_up_048,48,50,89_up,up,89024,我那覇,24,20:25
89_up_048,48,50,89_up,up,89025,名嘉地,25,20:26
89_up_048,48,50,89_up,up,89026,高良,26,20:29
89_up_048,48,50,89_up,up,89027,宇栄原入口,27,20:30
89_up_048,48,50,89_up,up,89028,新町入口,28,20:30
89_up_048,48,50,89_up,up,89029,第二ゲート,29,20:31
89_up_048,48,50,89_up,up,89030,赤嶺駅前,30,20:32
89_up_048,48,50,89_up,up,89031,赤嶺安里原,31,20:33
89_up_048,48,50,89_up,up,89032,小禄駅前,32,20:35
89_up_048,48,50,89_up,up,89033,田原,33,20:36
89_up_048,48,50,89_up,up,89034,那覇西高校前,34,20:38
89_up_048,48,50,89_up,up,89036,金城,36,20:40
89_up_048,48,50,89_up,up,89037,軍桟橋前,37,20:42
89_up_048,48,50,89_up,up,89038,公園前,38,20:43
89_up_048,48,50,89_up,up,89039,那覇バスターミナル,39,20:46
89_up_048,48,50,89_up,up,89040,旭町,40,20:48
89_up_048,48,50,89_up,up,89041,西壺川,41,20:50
89_up_048,48,50,89_up,up,89042,壺川,42,20:51
89_up_048,48,50,89_up,up,89043,農協会館前,43,20:53
89_up_048,48,50,89_up,up,89044,与儀小学校前,44,20:55
89_up_048,48,50,89_up,up,89045,与儀十字路,45,20:57
89_up_048,48,50,89_up,up,89046,開南,46,21:00
89_up_048,48,50,89_up,up,89047,那覇高校前,47,21:01
89_up_048,48,50,89_up,up,89048,県庁南口,48,21:02
89_up_048,48,50,89_up,up,89049,上泉,49,21:03
89_up_048,48,50,89_up,up,89050,那覇バスターミナル,50,21:06
